stuprename,Programcode,CourseCode,CourseVersion,StudentID,Momentum,Name,CourseFollowupNote,CourseStartDate,CourseEndDate,CourseContact,TermEndDate,Task1,Task2,Task3,Task4,LastPreAssessmentDate,LastObjectiveAssessmentDate,StudentEmail,MentorName,CourseMentor,DaysSinceLastCourseContact,contactterm,TermCompletedCU,MyCourseContact,,ActualStartDate,Affiliation,AffiliationCode,caseload.AssignmentStartDate__c,City,CourseStatus,EnrolledCU,IsMinor,LatestTaskDateYesterday,LastAcademicActivityDate,LastObjectiveAssessmentActualDate,LastPreAssessmentActualDate,LastPreAssessmentStatus,LastObjectiveAssessmentStatus,LastSMContact,LatestCourseNote,LatestTask,LatestTaskAttempts,LatestTaskDate,LatestTaskStatus,MobilePhone,NumberOfDaysSinceLastTaskDate,ProgramName,ProgramVersion,PlannedGraduationDate,TermRemainingCU,StudentGraduationGoal,StudentStatus,Task5,Task6,Task7,Task8,Task9,Task10,Task11,Task12,Task13,Task14,Task15,TBenddate,TermDaysLeft,TermOTPStatus,TermSAP,TermStartDate,TextingPreference,Timezone,TotalSAP,weeksincourse,
,BSDA,D502,1,000000001,Med Low,Test Student,General Course Outreach,6/8/2026,7/31/2026,2026-08-17T20:07:30.000Z,11/30/2026,2026-06-21 (1),,,,,,tjonsek@gmail.com,Melly Mentor,Tawnya Lee,0.78,10,0,8/17/2026,,6/8/2026,,,6/9/2026,Pompano Beach,Registered,4,FALSE,FALSE,8/12/2026,,,,,2026-08-12T21:50:25.000Z,"I thought I'd check in and see how things are going. In case you misplaced it, here's a link for the D502 SharePoint site. It has templates, guidance, and sample papers to help you feel confident in completing each task. Don't forget about the live webina",06/21/2026 (1),1,6/21/2026,Passed,555-555-1234,58,"Bachelor of Science, Data Analytics",202309,12/1/2026,4,6/30/2026,AS,,,,,,,,,,,,,104,Behind,0.00%,6/1/2026,Not Opted In,EST,77.92%,14,
Joseph,BSSWE,D424,1,000000002,Med Low,Test Student,General Course Outreach,7/31/2026,9/30/2026,2026-08-17T20:18:03.000Z,11/30/2026,,,,,,,tjonsek@gmail.com,Melly Mentor,Tawnya Lee,0.78,5,3,8/17/2026,,6/15/2026,,,6/15/2026,greensboro,Registered,11,FALSE,,8/1/2026,,,,,2026-08-17T18:23:26.000Z,Offered support and encouragement. Reminded ST of communities and resources for the course.,,,,,555-555-1235,,"Bachelor of Science, Software Engineering",202303,12/1/2026,8,12/31/2024,AS,,,,,,,,,,,,,104,Behind,27.27%,6/1/2026,Opted In,PST,77.08%,14,
,BSSWE,D424,1,000000003,Low,Test Student,General Course Outreach,3/6/2026,4/30/2026,2026-08-16T16:54:30.000Z,8/31/2026,2024-09-17 (1),2025-08-08 (2),,,,,tjonsek@gmail.com,Melly Mentor,Tawnya Lee,1.92,9,0,8/16/2026,,3/20/2026,,,3/20/2026,Seattle,Registered,4,FALSE,FALSE,7/16/2026,,,,,2026-08-16T04:40:38.000Z,Offered support and encouragement. Reminded ST of communities and resources for the course.,08/08/2025 (2),2,8/8/2025,Passed,555-555-1236,375,"Bachelor of Science, Software Engineering",202303,9/1/2026,4,8/31/2026,AS,,,,,,,,,,,,,13,Behind,0.00%,3/1/2026,Opted In,PST,88.65%,1,
Casey,BSSWE,D424,1,000000004,Med Low,Test Student,General Course Outreach,6/30/2026,9/30/2026,2026-08-03T21:26:26.000Z,9/30/2026,,,,,,,tjonsek@gmail.com,Melly Mentor,Tawnya Lee,14.73,8,3,8/3/2026,,5/27/2026,,,5/27/2026,Calera,Registered,10,FALSE,,8/11/2026,,,,,2026-08-06T16:37:47.000Z,Offered support and encouragement. Reminded ST of communities and resources for the course.,,,,,555-555-1237,,"Bachelor of Science, Software Engineering",202303,10/1/2026,7,5/31/2025,AS,,,,,,,,,,,,,43,Behind,30.00%,4/1/2026,Opted In,CST,86.15%,6,
,BSCNEAWS,D413,2,000000005,Med Low,Test Student,General Course Outreach,9/4/2026,9/30/2026,2026-08-17T20:23:34.000Z,9/30/2026,,,,,,,tjonsek@gmail.com,Melly Mentor,Tawnya Lee,0.77,6,6,8/17/2026,,8/4/2026,B4 Women in Tech,B4WT,8/4/2026,Chula Vista,Registered,19,FALSE,,8/17/2026,,,,,2026-08-17T20:11:11.000Z,"Hi Jailene, I thought I'd check in and see how the D413 studies are going. Please let me know your progress and if you need anything.  In case you missed it in the welcome email, here are additional resources to help you study:  Telecomm & Wireless Comm",,,,,555-555-1238,,"Bachelor of Science, Cloud and Network Engineering - Amazon Web Services",202510,9/30/2027,13,9/30/2027,AS,,,,,,,,,,,,,43,Behind,31.58%,4/1/2026,Opted In,PST,86.49%,6,
,BSCNECIS,D413,2,000000006,Low,Test Student,General Course Outreach,4/2/2026,5/18/2026,2026-08-10T21:03:19.000Z,9/30/2026,,,,,4/1/2026,,tjonsek@gmail.com,Melly Mentor,Tawnya Lee,7.75,8,3,8/10/2026,,4/2/2026,,,4/2/2026,Pasco,Registered,12,FALSE,,7/28/2026,,4/1/2026,Passed,,2026-08-13T17:46:58.000Z,"
 I thought I'd check in and see how the D413 studies are going. Please let me know your progress and if you need anything. 
 In case you missed it in the welcome email, here are additional resources to help you study: 
 Telecomm & Wireless Communications",,,,,555-555-1239,,"Bachelor of Science, Cloud and Network Engineering - Cisco",202510,9/30/2028,9,10/31/2032,AS,,,,,,,,,,,,,43,Behind,25.00%,4/1/2026,Opted In,PST,75.23%,6,
Andrew,BSCNE,D413,2,000000007,Low,Test Student,General Course Outreach,4/16/2026,9/30/2026,2026-08-10T21:03:42.000Z,9/30/2026,,,,,4/25/2026,,tjonsek@gmail.com,Melly Mentor,Tawnya Lee,7.75,8,0,8/10/2026,,4/17/2026,,,4/17/2026,MINERAL WELLS,Registered,13,FALSE,,8/11/2026,,4/25/2026,Passed,,2026-08-16T12:32:20.000Z,"
 I thought I'd check in and see how the D413 studies are going. Please let me know your progress and if you need anything. 
 In case you missed it in the welcome email, here are additional resources to help you study: 
 Telecomm & Wireless Communications",,,,,555-555-1240,,"Bachelor of Science, Cloud and Network Engineering",202510,9/30/2027,13,3/31/2026,AS,,,,,,,,,,,,,43,Behind,0.00%,4/1/2026,Opted In,CST,62.18%,6,
,BSNES_C,D370,3,000000008,Low,Test Student,General Course Outreach,8/15/2026,9/30/2026,2026-08-10T20:09:09.000Z,10/31/2026,,,,,,,tjonsek@gmail.com,Melly Mentor,Tawnya Lee,7.78,3,1,8/10/2026,,6/2/2026,,,6/2/2026,Windsor,Registered,14,FALSE,,8/14/2026,,,,,2026-08-14T16:47:25.000Z,Offered support and encouragement. Reminded ST of communities and resources for the course.,,,,,555-555-1241,,"Bachelor of Science, Network Engineering and Security Cisco Track",202511,4/30/2029,13,4/30/2028,AS,,,,,,,,,,,,,74,Behind,7.14%,5/1/2026,Opted In,MST,63.24%,10,
,BSSWE,D370,3,000000009,Low,Test Student,General Course Outreach,3/11/2026,5/21/2026,2026-08-10T20:05:22.000Z,8/31/2026,,,,,,,tjonsek@gmail.com,Melly Mentor,Tawnya Lee,7.79,6,0,8/10/2026,,3/11/2026,,,3/11/2026,Newport,Registered,14,FALSE,,8/15/2026,,,,,2026-08-18T01:54:11.000Z,Offered support and encouragement. Reminded ST of communities and resources for the course.,,,,,555-555-1242,,"Bachelor of Science, Software Engineering",202303,8/31/2029,14,8/31/2024,AS,,,,,,,,,,,,,13,Behind,0.00%,3/1/2026,Opted In,EST,35.63%,1,
,BSSWE,D370,3,000000010,Low,Test Student,General Course Outreach,5/25/2026,11/30/2026,2026-08-10T20:05:52.000Z,11/30/2026,,,,,,,tjonsek@gmail.com,Melly Mentor,Tawnya Lee,7.79,1,0,8/10/2026,,6/2/2026,,,6/2/2026,Van Buren Twp,Registered,12,FALSE,,8/6/2026,,,,,2026-08-17T00:56:12.000Z,Offered support and encouragement. Reminded ST of communities and resources for the course.,,,,,555-555-1243,,"Bachelor of Science, Software Engineering",202303,11/30/2030,12,,AS,,,,,,,,,,,,,104,Behind,0.00%,6/1/2026,Opted In,,20.00%,14,
,BSSWE,D370,3,000000011,Low,Test Student,General Course Outreach,6/2/2026,7/12/2026,2026-08-10T20:06:20.000Z,11/30/2026,,,,,,,tjonsek@gmail.com,Melly Mentor,Tawnya Lee,7.78,4,0,8/10/2026,,6/2/2026,Amazon Career Choice Program,ACCP,6/2/2026,POUGHKEEPSIE,Registered,12,FALSE,,8/12/2026,,,,,2026-08-10T13:29:37.000Z,Offered support and encouragement. Reminded ST of communities and resources for the course.,,,,,555-555-1244,,"Bachelor of Science, Software Engineering",202303,11/30/2030,12,8/31/2029,AS,,,,,,,,,,,,,104,Behind,0.00%,6/1/2026,Opted In,EST,15.38%,14,
,BSSWE_C,D424,1,000000012,Med,Test Student,IM on 5/23,6/4/2026,8/31/2026,2026-08-05T21:23:04.000Z,11/30/2026,2025-10-15 (1),2026-02-22 (1),2026-03-03 (1),,,,tjonsek@gmail.com,Melly Mentor,Tawnya Lee,12.73,7,0,8/5/2026,,6/4/2026,,,6/4/2026,Puyallup,Registered,4,FALSE,FALSE,8/13/2026,,,,,2026-08-13T13:35:27.000Z,Offered support and encouragement. Reminded ST of communities and resources for the course.,03/03/2026 (1),1,3/3/2026,Revisions Needed,555-555-1245,168,"Bachelor of Science, Software Engineering",202303,12/1/2026,4,,AS,,,,,,,,,,,,,104,Behind,0.00%,6/1/2026,Opted In,PST,87.50%,14,
,BSSWE_C,D424,1,000000013,Low,Test Student,IM on 6/17,6/1/2026,11/27/2026,2026-08-16T16:55:15.000Z,11/30/2026,2026-03-07 (1),2026-03-19 (2),,,,,tjonsek@gmail.com,Melly Mentor,Tawnya Lee,1.92,3,0,8/16/2026,,6/5/2026,,,6/5/2026,Lake Elsinore,Registered,17,FALSE,FALSE,8/14/2026,,,,,2026-08-14T14:23:06.000Z,Offered support and encouragement. Reminded ST of communities and resources for the course.,03/19/2026 (2),2,3/19/2026,Passed,555-555-1246,152,"Bachelor of Science, Software Engineering",202303,12/1/2026,17,8/31/2026,AS,,,,,,,,,,,,,104,Behind,0.00%,6/1/2026,Opted In,PST,83.33%,14,
,BSCNEAWS,D413,2,000000014,Low,Test Student,IM on 6/17 PA: 1 Pass,6/4/2026,8/24/2026,2026-08-10T21:05:44.000Z,11/30/2026,,,,,6/5/2026,,tjonsek@gmail.com,Melly Mentor,Tawnya Lee,7.74,7,0,8/10/2026,,6/4/2026,,,6/4/2026,Princeton,Registered,13,FALSE,,8/13/2026,,6/5/2026,Passed,,2026-08-13T19:58:54.000Z,"
 I thought I'd check in and see how the D413 studies are going. Please let me know your progress and if you need anything. 
 In case you missed it in the welcome email, here are additional resources to help you study: 
 Telecomm & Wireless Communications",,,,,555-555-1247,,"Bachelor of Science, Cloud and Network Engineering - Amazon Web Services",202510,11/30/2028,13,6/30/2025,AS,,,,,,,,,,,,,104,Behind,0.00%,6/1/2026,Opted In,CST,58.88%,14,
,BSSWE,D424,1,000000015,Low,Test Student,IM on 6/23,5/1/2026,6/30/2026,2026-08-17T20:17:15.000Z,10/31/2026,,,,,,,tjonsek@gmail.com,Melly Mentor,Tawnya Lee,0.78,7,0,8/17/2026,,5/11/2026,,,5/11/2026,WINTHROP,Registered,4,FALSE,,8/12/2026,,,,,2026-08-12T00:17:12.000Z,Offered support and encouragement. Reminded ST of communities and resources for the course.,,,,,555-555-1248,,"Bachelor of Science, Software Engineering",202303,11/1/2026,4,12/31/2025,AS,,,,,,,,,,,,,74,Behind,0.00%,5/1/2026,Opted In,EST,84.25%,10,
38115 Lordstown Dr,BSCNEAWS,D413,2,000000016,Low,Test Student,IM on 6/23,6/2/2026,7/11/2026,2026-08-10T21:05:21.000Z,11/30/2026,,,,,,,tjonsek@gmail.com,Melly Mentor,Tawnya Lee,7.74,6,0,8/10/2026,,6/13/2026,,,6/13/2026,Sterling Heights,Registered,14,FALSE,,8/17/2026,,,,,2026-08-12T03:10:49.000Z,"
 I thought I'd check in and see how the D413 studies are going. Please let me know your progress and if you need anything. 
 In case you missed it in the welcome email, here are additional resources to help you study: 
 Telecomm & Wireless Communications",,,,,555-555-1249,,"Bachelor of Science, Cloud and Network Engineering - Amazon Web Services",202510,5/31/2027,14,11/30/2024,AS,,,,,,,,,,,,,104,Behind,0.00%,6/1/2026,Opted In,EST,65.93%,14,
,BSCSIA,C769,4,000000017,Low,Test Student,IM on 6/23 VM still full,3/3/2026,8/31/2026,2026-08-10T20:55:24.000Z,8/31/2026,2025-03-14 (1),2025-10-02 (1),2025-10-02 (1),,,,tjonsek@gmail.com,Melly Mentor,Tawnya Lee,7.75,9,0,8/10/2026,,3/3/2026,,,3/3/2026,Nashville,Registered,4,FALSE,FALSE,8/10/2026,,,,,2026-08-17T22:38:57.000Z,Offered support and encouragement. Reminded ST of communities and resources for the course.,10/02/2025 (1),1,10/2/2025,Revisions Needed,555-555-1250,320,"Bachelor of Science, Cybersecurity and Information Assurance",202303,9/1/2026,4,8/31/2026,AS,,,,,,,,,,,,,13,Behind,0.00%,3/1/2026,Opted In,CST,76.62%,1,
,BSSWE,D424,1,000000018,Med High,Test Student,IM on 7/27,4/4/2026,9/30/2026,2026-07-27T16:32:57.000Z,9/30/2026,2026-05-07 (1),2026-06-10 (1),,,,,tjonsek@gmail.com,Melly Mentor,Tawnya Lee,21.93,8,0,7/27/2026,,4/4/2026,Amazon Career Choice Program,ACCP,4/4/2026,Camarillo,Registered,4,FALSE,FALSE,8/8/2026,,,,,2026-08-13T01:06:28.000Z,"Outgoing: This is Tawnya your Capstone instructor. I thought I'd check in with you on task 3. How much progress have you made so far? Do you have any questions for me? Please let me know if I can help. Have a great day 
",06/10/2026 (1),1,6/10/2026,Passed,555-555-1251,69,"Bachelor of Science, Software Engineering",202303,10/1/2026,4,3/31/2026,AS,,,,,,,,,,,,,43,Behind,0.00%,4/1/2026,Opted In,PST,96.77%,6,
,BSCSIA,C769,4,000000019,Med Low,Test Student,IM on 8/11,5/4/2026,10/31/2026,2026-08-11T22:20:46.000Z,10/31/2026,,,,,,,tjonsek@gmail.com,Melly Mentor,Tawnya Lee,6.69,3,4,8/11/2026,,5/4/2026,,,5/4/2026,High Point,Registered,12,FALSE,,8/13/2026,,,,,2026-08-12T03:40:43.000Z,"Outgoing: Hey! It's your capstone instructor. I know you're busy on D332 and don't want to get too overwhelmed w/ emails and texts. I'm not sure how close you are but in case it's close, the approval process has changed. I sent an email yesterday so check",,,,,555-555-1252,,"Bachelor of Science, Cybersecurity and Information Assurance",202303,11/1/2026,8,1/31/2026,AS,,,,,,,,,,,,,74,Behind,33.33%,5/1/2026,Opted In,EST,90.48%,10,
,BSDA,D502,1,000000020,Med,Test Student,LVM,11/16/2026,12/21/2026,2026-08-05T14:40:42.000Z,1/31/2027,,,,,,,tjonsek@gmail.com,Melly Mentor,Tawnya Lee,13.01,7,0,8/5/2026,,8/2/2026,,,8/2/2026,Tracy,Registered,14,FALSE,,8/16/2026,,,,,2026-08-17T11:24:16.000Z,"Thats great! I am required to reach out every 2-3 weeks because you clicked start course. Good luck with your last term! 
    Tawnya Lee, (She/Her/Hers), M.S., M.Ed. Instructor School of Technology | ",,,,,555-555-1253,,"Bachelor of Science, Data Analytics",202309,2/1/2027,14,12/31/2026,AS,,,,,,,,,,,,,166,Behind,0.00%,8/1/2026,Opted In,PST,81.48%,23,
Jenny,BSDA,D502,1,000000021,High,Test Student,LVM,8/9/2026,9/30/2026,2026-08-05T18:25:23.000Z,9/30/2026,2026-08-13 (1),,,,,,tjonsek@gmail.com,Melly Mentor,Tawnya Lee,12.86,1,47,8/5/2026,,8/4/2026,,,8/4/2026,Womelsdorf,Registered,51,FALSE,FALSE,8/16/2026,,,,,2026-08-16T20:57:58.000Z,Left VM referring to last outreach. Offered support and assistance.,08/13/2026 (1),1,8/13/2026,Passed,555-555-1254,5,"Bachelor of Science, Data Analytics",202309,10/1/2026,4,9/30/2026,AS,,,,,,,,,,,,,43,Yes,92.16%,4/1/2026,Opted In,EST,96.72%,6,
gloria,BSDA,D502,1,000000022,High,Test Student,LVM,8/11/2026,8/31/2026,2026-08-13T17:16:13.000Z,9/30/2026,2026-08-13 (1),2026-08-17 (0),,,,,tjonsek@gmail.com,Melly Mentor,Tawnya Lee,4.9,1,50,8/13/2026,,8/12/2026,,,8/12/2026,Portland,Registered,54,FALSE,TRUE,8/17/2026,,,,,2026-08-17T16:46:06.000Z,Offered encouragement and support. Requested contact.,08/17/2026 (0),0,8/17/2026,Task Submitted,555-555-1255,1,"Bachelor of Science, Data Analytics",202309,10/1/2026,4,9/30/2026,AS,,,,,,,,,,,,,43,Yes,92.59%,4/1/2026,Opted In,PST,96.72%,6,
,BSSWE,D424,1,000000023,Med Low,Test Student,LVM,8/31/2026,9/30/2026,2026-08-17T20:18:18.000Z,1/31/2027,,,,,,,tjonsek@gmail.com,Melly Mentor,Tawnya Lee,0.78,9,0,8/17/2026,,8/4/2026,,,8/4/2026,Bonners Ferry,Registered,7,FALSE,,8/10/2026,,,,,2026-08-18T01:58:20.000Z,Offered support and encouragement. Reminded ST of communities and resources for the course.,,,,,555-555-1256,,"Bachelor of Science, Software Engineering",202303,2/1/2027,7,3/31/2026,AS,,,,,,,,,,,,,166,Behind,0.00%,8/1/2026,Not Opted In,PST,71.18%,23,
Albert,BSSWE,D424,1,000000024,High,Test Student,LVM,11/1/2026,11/30/2026,2026-08-17T22:23:30.000Z,11/30/2026,,,,,,,tjonsek@gmail.com,Melly Mentor,Tawnya Lee,0.69,3,16,8/17/2026,,7/24/2026,,,7/24/2026,Chatsworth,Registered,20,FALSE,,8/17/2026,,,,,2026-08-10T18:06:25.000Z,Offered support and encouragement. Reminded ST of communities and resources for the course.,,,,,555-555-1257,,"Bachelor of Science, Software Engineering",202303,12/1/2026,4,11/30/2026,AS,,,,,,,,,,,,,104,Yes,80.00%,6/1/2026,Opted In,PST,96.64%,14,
,BSSWE,D424,1,000000025,Med Low,Test Student,LVM,11/6/2026,12/31/2026,2026-08-13T17:16:47.000Z,1/31/2027,,,,,,,tjonsek@gmail.com,Melly Mentor,Tawnya Lee,4.9,6,0,8/13/2026,,8/12/2026,,,8/12/2026,Freeport,Registered,14,FALSE,,8/12/2026,,,,,2026-08-11T20:56:53.000Z,Left VM referring to last outreach. Offered support and assistance.,,,,,555-555-1258,,"Bachelor of Science, Software Engineering",202303,2/1/2027,14,1/31/2027,AS,,,,,,,,,,,,,166,Behind,0.00%,8/1/2026,Opted In,EST,81.51%,23,
,BSSWE,D424,1,000000026,Med Low,Test Student,LVM,11/24/2026,1/31/2027,2026-08-17T19:57:00.000Z,1/31/2027,,,,,,,tjonsek@gmail.com,Melly Mentor,Tawnya Lee,0.79,3,7,8/17/2026,,8/14/2026,,,8/14/2026,American Falls,Registered,14,FALSE,,8/13/2026,,,,,2026-08-14T17:38:49.000Z,Left VM referring to last outreach. Offered support and assistance.,,,,,555-555-1259,,"Bachelor of Science, Software Engineering",202303,2/1/2027,7,2/28/2027,AS,,,,,,,,,,,,,166,Ahead,50.00%,8/1/2026,Opted In,MST,94.12%,23,
,BSSWE_C,D424,1,000000027,Med,Test Student,LVM,7/2/2026,8/31/2026,2026-08-12T20:40:52.000Z,12/31/2026,2026-06-09 (1),2026-07-01 (1),,,,,tjonsek@gmail.com,Melly Mentor,Tawnya Lee,5.76,6,0,8/12/2026,,7/2/2026,,,7/2/2026,OGDEN,Registered,7,FALSE,FALSE,8/17/2026,,,,,2026-08-17T23:44:02.000Z,Offered encouragement and support. Requested contact.,07/01/2026 (1),1,7/1/2026,Passed,555-555-1260,48,"Bachelor of Science, Software Engineering",202303,1/1/2027,7,1/31/2025,AS,,,,,,,,,,,,,135,Behind,0.00%,7/1/2026,Opted In,MST,88.89%,19,
,BSSWE,D424,1,000000028,High,Test Student,LVM,7/26/2026,8/28/2026,2026-08-05T18:26:30.000Z,8/31/2026,,,,,,,tjonsek@gmail.com,Melly Mentor,Tawnya Lee,12.85,11,16,8/5/2026,,8/4/2026,,,8/4/2026,Colorado Springs,Registered,23,FALSE,,8/18/2026,,,,,2026-08-18T12:59:03.000Z,Left VM referring to last outreach. Offered support and assistance.,,,,,555-555-1261,,"Bachelor of Science, Software Engineering",202303,9/1/2026,7,11/30/2026,AS,,,,,,,,,,,,,13,Yes,69.57%,3/1/2026,Opted In,MST,72.96%,1,
,BSSWE,D424,1,000000029,High,Test Student,LVM,7/31/2026,9/30/2026,2026-08-03T19:58:25.000Z,10/31/2026,,,,,,,tjonsek@gmail.com,Melly Mentor,Tawnya Lee,14.79,5,17,8/3/2026,,7/31/2026,,,7/31/2026,Roanoke,Registered,24,FALSE,,8/14/2026,,,,,2026-08-14T13:47:54.000Z,Offered encouragement and support. Requested contact.,,,,,555-555-1262,,"Bachelor of Science, Software Engineering",202303,11/1/2026,7,11/30/2026,AS,,,,,,,,,,,,,74,Yes,70.83%,5/1/2026,Opted In,EST,94.12%,10,
,BSSWE,D424,1,000000030,High,Test Student,LVM,8/1/2026,9/30/2026,2026-08-11T20:50:23.000Z,9/30/2026,,,,,,,tjonsek@gmail.com,Melly Mentor,Tawnya Lee,6.75,3,13,8/11/2026,,7/23/2026,,,7/23/2026,Greenville,Registered,20,FALSE,,8/17/2026,,,,,2026-08-10T17:24:36.000Z,ST had no questions. Offered future capstone support.,,,,,555-555-1263,,"Bachelor of Science, Software Engineering",202303,10/1/2026,7,12/31/2026,AS,,,,,,,,,,,,,43,Yes,65.00%,4/1/2026,Opted In,CST,94.12%,6,
,BSSWE,D424,1,000000031,Med Low,Test Student,LVM,8/1/2026,9/25/2026,2026-08-17T19:58:50.000Z,12/31/2026,,,,,,,tjonsek@gmail.com,Melly Mentor,Tawnya Lee,0.79,7,3,8/17/2026,,8/14/2026,,,8/14/2026,SAHUARITA,Registered,11,FALSE,,8/14/2026,,,,,2026-08-14T16:31:12.000Z,Left VM referring to last outreach. Offered support and assistance.,,,,,555-555-1264,,"Bachelor of Science, Software Engineering",202303,1/1/2027,8,12/31/2026,AS,,,,,,,,,,,,,135,Behind,27.27%,7/1/2026,Opted In,PST,79.86%,19,
,BSSWE_C,D424,1,000000032,High,Test Student,LVM,8/10/2026,8/31/2026,2026-08-11T20:44:02.000Z,8/31/2026,,,,,,,tjonsek@gmail.com,Melly Mentor,Tawnya Lee,6.76,5,19,8/11/2026,,8/10/2026,,,8/10/2026,yukon,Registered,23,FALSE,,8/18/2026,,,,,2026-08-10T18:00:14.000Z,Left VM referring to last outreach. Offered support and assistance.,,,,,555-555-1265,,"Bachelor of Science, Software Engineering",202303,9/1/2026,4,8/31/2026,AS,,,,,,,,,,,,,13,Yes,82.61%,3/1/2026,Opted In,CST,96.64%,1,
,MSSWEUG,D424,1,000000033,High,Test Student,LVM,8/14/2026,10/31/2026,2026-08-17T20:00:46.000Z,10/31/2026,,,,,,,tjonsek@gmail.com,Melly Mentor,Tawnya Lee,0.79,2,26,8/17/2026,,8/14/2026,,,8/14/2026,Oshkosh,Registered,36,FALSE,,8/17/2026,,,,,2026-08-12T21:57:57.000Z,ST doesn't have any questions. Reminded ST of resources. ST is not starting course for at least another week.,,,,,555-555-1266,,"Bachelor of Science, Software Engineering (BSSWE to MSSWE)",202504,11/1/2026,10,9/30/2028,AS,,,,,,,,,,,,,74,Yes,72.22%,5/1/2026,Opted In,CST,91.87%,10,
,BSSWE,D424,1,000000034,High,Test Student,LVM,8/14/2026,8/31/2026,2026-08-17T20:03:34.000Z,8/31/2026,,,,,,,tjonsek@gmail.com,Melly Mentor,Tawnya Lee,0.79,6,16,8/17/2026,,8/14/2026,,,8/14/2026,Pawleys Island,Registered,23,FALSE,,8/17/2026,,,,,2026-08-14T02:10:50.000Z,ST has no questions. Working in another course. Reminded ST of resources. (ST can use any language they want.),,,,,555-555-1267,,"Bachelor of Science, Software Engineering",202303,9/1/2026,7,,AS,,,,,,,,,,,,,13,Yes,69.57%,3/1/2026,Opted In,EST,91.80%,1,
,BSSWE,D424,1,000000035,High,Test Student,LVM,8/15/2026,8/31/2026,2026-08-17T19:55:53.000Z,8/31/2026,,,,,,,tjonsek@gmail.com,Melly Mentor,Tawnya Lee,0.79,2,21,8/17/2026,,8/14/2026,,,8/14/2026,El Paso,Registered,28,FALSE,,8/13/2026,,,,,2026-08-17T18:19:39.000Z,Left VM referring to last outreach. Offered support and assistance.,,,,,555-555-1268,,"Bachelor of Science, Software Engineering",202303,9/1/2026,7,7/31/2026,AS,,,,,,,,,,,,,13,Yes,75.00%,3/1/2026,Opted In,CST,94.12%,1,
,BSSWE_C,D424,1,000000036,Med Low,Test Student,LVM,3/5/2026,6/30/2026,2026-08-10T21:55:07.000Z,8/31/2026,2026-03-10 (1),2026-06-10 (1),,,,,tjonsek@gmail.com,Melly Mentor,Tawnya Lee,7.71,8,0,8/10/2026,,3/5/2026,,,3/5/2026,Logan,Registered,4,FALSE,FALSE,8/13/2026,,,,,2026-08-13T20:52:24.000Z,Left VM referring to last outreach. Offered support and assistance.,06/10/2026 (1),1,6/10/2026,Passed,555-555-1269,69,"Bachelor of Science, Software Engineering",202303,9/1/2026,4,7/31/2026,AS,,,,,,,,,,,,,13,Behind,0.00%,3/1/2026,Opted In,MST,83.10%,1,
,BSSWE,D424,1,000000037,Med High,Test Student,LVM,4/10/2026,5/31/2026,2026-08-05T19:32:15.000Z,8/31/2026,2026-08-16 (1),2026-08-18 (1),,,,,tjonsek@gmail.com,Melly Mentor,Tawnya Lee,12.81,7,0,8/5/2026,,4/10/2026,,,4/10/2026,Portland,Registered,4,FALSE,FALSE,8/18/2026,,,,,2026-08-18T14:13:41.000Z,Offered support and encouragement. Reminded ST of communities and resources for the course.,08/18/2026 (1),1,8/18/2026,Passed,555-555-1270,0,"Bachelor of Science, Software Engineering",202303,9/1/2026,4,8/31/2026,AS,,,,,,,,,,,,,13,Behind,0.00%,3/1/2026,Opted In,PST,83.78%,1,
,BSNES,D413,2,000000038,Med High,Test Student,LVM,7/27/2026,8/21/2026,2026-08-10T21:09:15.000Z,11/30/2026,,,,,8/10/2026,,tjonsek@gmail.com,Melly Mentor,Tawnya Lee,7.74,6,7,8/10/2026,,7/27/2026,,,7/27/2026,Bartlesville,Registered,16,FALSE,,8/10/2026,,8/10/2026,Passed,,2026-08-17T16:38:12.000Z,"
 I thought I'd check in and see how the D413 studies are going. Please let me know your progress and if you need anything. 
 In case you missed it in the welcome email, here are additional resources to help you study: 
 Telecomm & Wireless Communications",,,,,555-555-1271,,"Bachelor of Science, Network Engineering and Security",202511,11/30/2027,9,11/30/2026,AS,,,,,,,,,,,,,104,Ahead,43.75%,6/1/2026,Opted In,CST,84.91%,14,
,BSCNECIS,D370,3,000000039,Med Low,Test Student,LVM,7/5/2026,8/8/2026,2026-08-10T20:07:44.000Z,9/30/2026,,,,,,,tjonsek@gmail.com,Melly Mentor,Tawnya Lee,7.78,6,3,8/10/2026,,6/6/2026,,,6/6/2026,Humble,Registered,12,FALSE,,8/17/2026,,,,,2026-08-13T15:32:36.000Z,Offered support and encouragement. Reminded ST of communities and resources for the course.,,,,,555-555-1272,,"Bachelor of Science, Cloud and Network Engineering - Cisco",202510,9/30/2028,9,12/31/2026,AS,,,,,,,,,,,,,43,Behind,25.00%,4/1/2026,Opted In,CST,70.31%,6,
Dan,BSDA,D370,3,000000040,High,Test Student,LVM,8/7/2026,8/28/2026,2026-08-16T17:55:59.000Z,10/31/2026,,,,,,,tjonsek@gmail.com,Melly Mentor,Tawnya Lee,1.88,1,15,8/16/2026,,8/4/2026,,,8/4/2026,Sedro Woolley,Registered,24,FALSE,,8/6/2026,,,,,2026-08-06T12:13:35.000Z,Offered support and encouragement. Reminded ST of communities and resources for the course.,,,,,555-555-1273,,"Bachelor of Science, Data Analytics",202309,10/31/2030,9,,AS,,,,,,,,,,,,,74,Yes,62.50%,5/1/2026,Opted In,PST,62.50%,10,
,BSSWE,D370,3,000000041,Med Low,Test Student,LVM,6/2/2026,8/31/2026,2026-08-12T20:37:58.000Z,11/30/2026,,,,,,,tjonsek@gmail.com,Melly Mentor,Tawnya Lee,5.76,1,4,8/12/2026,,6/2/2026,,,6/2/2026,Kulpmont,Registered,13,FALSE,,8/10/2026,,,,,2026-08-11T20:35:14.000Z,Left VM referring to last outreach. Offered support and assistance.,,,,,555-555-1274,,"Bachelor of Science, Software Engineering",202303,5/31/2030,9,6/30/2028,AS,,,,,,,,,,,,,104,Behind,30.77%,6/1/2026,Opted In,EST,68.97%,14,
,BSIT,C769,3,000000042,Low,Test Student,LVM,8/24/2026,10/5/2026,2026-08-10T20:59:38.000Z,11/30/2026,,,,,,,tjonsek@gmail.com,Melly Mentor,Tawnya Lee,7.75,8,0,8/10/2026,,7/25/2026,,,7/25/2026,HEPHZIBAH,Registered,14,FALSE,,8/7/2026,,,,,2026-06-02T02:12:14.000Z,Offered support and encouragement. Reminded ST of communities and resources for the course.,,,,,555-555-1275,,"Bachelor of Science, Information Technology",202207,12/1/2026,14,,AS,,,,,,,,,,,,,104,Behind,0.00%,6/1/2026,Not Opted In,EST,64.07%,14,
,BSCSIA,C769,4,000000043,Med Low,Test Student,LVM,8/5/2026,9/15/2026,2026-08-06T15:14:27.000Z,1/31/2027,2025-12-21 (2),2026-02-05 (1),,,,,tjonsek@gmail.com,Melly Mentor,Tawnya Lee,11.99,7,0,8/6/2026,,8/5/2026,,,8/5/2026,South Pittsburg,Registered,12,FALSE,FALSE,8/13/2026,,,,,2026-08-13T18:32:17.000Z,Left VM referring to last outreach. Offered support and assistance.,02/05/2026 (1),1,2/5/2026,Revisions Needed,555-555-1276,194,"Bachelor of Science, Cybersecurity and Information Assurance",202303,2/1/2027,12,3/31/2026,AS,,,,,,,,,,,,,166,Behind,0.00%,8/1/2026,Opted In,EST,82.71%,23,
,BSCSIA,C769,4,000000044,Med Low,Test Student,LVM,8/5/2026,9/30/2026,2026-08-17T20:21:55.000Z,12/31/2026,,,,,,,tjonsek@gmail.com,Melly Mentor,Tawnya Lee,0.77,15,0,8/17/2026,,8/5/2026,,,8/5/2026,COLORADO SPGS,Registered,4,FALSE,,8/13/2026,,,,,2026-08-17T15:34:52.000Z,Offered support and encouragement. Reminded ST of communities and resources for the course.,,,,,555-555-1277,,"Bachelor of Science, Cybersecurity and Information Assurance",202303,1/1/2027,4,8/31/2026,AS,,,,,,,,,,,,,135,Behind,0.00%,7/1/2026,Opted In,MST,56.73%,19,
,BSSWE,D424,1,000000045,Med High,Test Student,Live Call,8/8/2026,10/25/2026,2026-08-10T21:27:21.000Z,10/31/2026,,,,,,,tjonsek@gmail.com,Melly Mentor,Tawnya Lee,7.73,6,4,8/10/2026,,8/8/2026,,,8/8/2026,Cranston,Registered,8,FALSE,,8/16/2026,,,,,2026-08-16T16:12:16.000Z,ST asked about stipulations for projects. I explained project requirements.,,,,,555-555-1278,,"Bachelor of Science, Software Engineering",202303,11/1/2026,4,11/30/2026,AS,,,,,,,,,,,,,74,Behind,50.00%,5/1/2026,Opted In,EST,93.50%,10,
,BSSWE,D370,3,000000046,Med,Test Student,Live Call,7/26/2026,8/28/2026,2026-08-10T20:08:12.000Z,9/30/2026,,,,,,,tjonsek@gmail.com,Melly Mentor,Tawnya Lee,7.78,1,6,8/10/2026,,7/26/2026,,,7/26/2026,Richmond,Registered,12,FALSE,,8/16/2026,,,,,2026-08-16T18:19:36.000Z,Offered support and encouragement. Reminded ST of communities and resources for the course.,,,,,555-555-1279,,"Bachelor of Science, Software Engineering",202303,3/31/2031,6,,AS,,,,,,,,,,,,,43,Behind,50.00%,4/1/2026,Not Opted In,EST,50.00%,6,
,BSCNEAZR,D413,2,000000047,Med,Test Student,PA: 1 NP/4P OA: 2NP,4/5/2026,5/31/2026,2026-08-12T22:53:48.000Z,9/30/2026,,,,,6/20/2026,6/26/2026,tjonsek@gmail.com,Melly Mentor,Tawnya Lee,5.67,2,6,8/12/2026,,4/5/2026,,,4/5/2026,Waterloo,Registered,12,FALSE,,8/17/2026,6/26/2026,6/20/2026,Passed,Not Passed,2026-08-14T19:19:59.000Z,"Discussed St progress. Reviewed his quizzes and other materials and he did well. We discussed test strategies. If ST doesn't pass, he will move to a different course and then has planned a term break.",,,,,555-555-1280,,"Bachelor of Science, Cloud and Network Engineering - Microsoft Azure",202510,3/31/2028,6,1/31/2027,AS,,,,,,,,,,,,,43,Behind,50.00%,4/1/2026,Opted In,CST,91.55%,6,
,BSCNE,D413,2,000000048,Low,Test Student,PA: 1 NP/OA: NA,8/22/2026,9/30/2026,2026-08-16T15:33:05.000Z,9/30/2026,,,,,7/22/2026,,tjonsek@gmail.com,Melly Mentor,Tawnya Lee,1.97,3,4,8/16/2026,,4/7/2026,,,4/7/2026,STRATFORD,Registered,13,FALSE,,8/18/2026,,7/22/2026,Not Passed,,2026-08-11T16:00:28.000Z,I understand. This is why its crucial to not procrastinate early in your term and to stay strict with yourself in terms of setting schedules to work on school and make enough progress each day to stay on track. Its almost impossible to cram towards the ,,,,,555-555-1281,,"Bachelor of Science, Cloud and Network Engineering",202510,9/30/2028,9,7/31/2027,AS,,,,,,,,,,,,,43,Behind,30.77%,4/1/2026,Opted In,EST,67.37%,6,
Bulcha,BSNES,D413,2,000000049,Low,Test Student,PA: 1 NP/OA: NA,8/24/2026,9/25/2026,2026-08-10T14:24:08.000Z,9/30/2026,,,,,6/9/2026,,tjonsek@gmail.com,Melly Mentor,Tawnya Lee,8.02,6,0,8/10/2026,,5/24/2026,,,5/24/2026,San Antonio,Registered,14,FALSE,,8/17/2026,,6/9/2026,Not Passed,,2026-08-12T17:50:26.000Z,Encouraged ST and sent advice for studying for PA (preassessment failed).,,,,,555-555-1282,,"Bachelor of Science, Network Engineering and Security",202406,9/30/2027,14,5/31/2025,AS,,,,,,,,,,,,,43,Behind,0.00%,4/1/2026,Not Opted In,CST,62.25%,6,
,BSCNEAWS,D413,2,000000050,High,Test Student,PA: 1 NP/OA: NA,10/2/2026,11/13/2026,2026-08-16T19:29:04.000Z,11/30/2026,,,,,8/16/2026,,tjonsek@gmail.com,Melly Mentor,Tawnya Lee,1.81,2,11,8/16/2026,,8/15/2026,,,8/15/2026,Lawrenceville,Registered,14,FALSE,,8/16/2026,,8/16/2026,Passed,,2026-08-17T14:00:11.000Z,Encouraged ST and sent advice for studying for PA (preassessment failed).,,,,,555-555-1283,,"Bachelor of Science, Cloud and Network Engineering - Amazon Web Services",202510,5/31/2028,3,11/30/2027,AS,,,,,,,,,,,,,104,Ahead,78.57%,6/1/2026,Opted In,EST,95.95%,14,
,BSCNEAZR,D413,2,000000051,Low,Test Student,PA: 1 NP/OA: NA,10/31/2026,10/31/2026,2026-08-10T18:58:00.000Z,10/31/2026,,,,,8/10/2026,,tjonsek@gmail.com,Melly Mentor,Tawnya Lee,7.83,4,0,8/10/2026,,7/9/2026,,,7/9/2026,Atlanta,Registered,13,FALSE,,8/12/2026,,8/10/2026,Not Passed,,2026-08-11T22:01:23.000Z,Encouraged ST and sent advice for studying for PA (preassessment failed).,,,,,555-555-1284,,"Bachelor of Science, Cloud and Network Engineering - Microsoft Azure",202510,4/30/2029,13,12/31/2025,AS,,,,,,,,,,,,,74,Behind,0.00%,5/1/2026,Opted In,EST,48.96%,10,
Eric,BSCNEAWS,D413,2,000000052,Med Low,Test Student,PA: 1 NP/OA: NA,7/21/2026,9/30/2026,2026-08-13T17:37:50.000Z,12/31/2026,,,,,7/21/2026,,tjonsek@gmail.com,Melly Mentor,Tawnya Lee,4.89,9,3,8/13/2026,,7/21/2026,Amazon Career Choice Program,ACCP,7/21/2026,SELMA,Registered,13,FALSE,,8/16/2026,,7/21/2026,Not Passed,,2026-08-16T22:17:07.000Z,"Hello , In case it's helpful, I put together a study guide (link) full of infographs and other notes that may help you in your studies. It also includes some study tips that will help in this class and beyond. 
 I hope you find it helpful! 
",,,,,555-555-1285,,"Bachelor of Science, Cloud and Network Engineering - Amazon Web Services",202510,6/30/2028,10,12/31/2026,AS,,,,,,,,,,,,,135,Behind,23.08%,7/1/2026,Opted In,EST,59.70%,19,
,BSCNE,D413,2,000000053,High,Test Student,PA: 1 P/OA: 1 NP,8/24/2026,9/28/2026,2026-08-16T14:17:20.000Z,10/31/2026,,,,,6/11/2026,7/29/2026,tjonsek@gmail.com,Melly Mentor,Tawnya Lee,2.03,2,10,8/16/2026,,6/4/2026,,,6/4/2026,MADISON,Registered,13,FALSE,,8/17/2026,7/29/2026,6/11/2026,Passed,Not Passed,2026-08-17T18:15:52.000Z,"ST submitted end of chapter quizzes and completed work of second attempt plan. 
 Hi Lakeyia, Thank you for submitting those end of chapter quizzes. Im granting you second attempt approval. Good luck!    ",,,,,555-555-1286,,"Bachelor of Science, Cloud and Network Engineering",202510,4/30/2028,3,10/31/2026,AS,,,,,,,,,,,,,74,Ahead,76.92%,5/1/2026,Opted In,CST,83.33%,10,
Razak,BSCNE,D413,2,000000054,Med Low,Test Student,PA: 1 P/OA: 2 NP,7/3/2026,9/18/2026,2026-08-10T18:52:47.000Z,12/31/2026,,,,,7/3/2026,8/9/2026,tjonsek@gmail.com,Melly Mentor,Tawnya Lee,7.84,10,0,8/10/2026,,7/3/2026,,,7/3/2026,AUSTELL,Registered,12,FALSE,,8/17/2026,8/9/2026,7/3/2026,Passed,Not Passed,2026-08-14T22:09:45.000Z,sent ST third attempt study plan: Meet with an Academic Coach to discuss study strategies and test-taking skills because sometimes learning a new study technique or test-taking strategy can make all the difference both in this class and in courses to come,,,,,555-555-1287,,"Bachelor of Science, Cloud and Network Engineering",202510,12/31/2027,12,6/30/2025,AS,,,,,,,,,,,,,135,Behind,0.00%,7/1/2026,Opted In,EST,69.52%,19,
,BSCNE,D413,2,000000055,Med Low,Test Student,PA: 1 P/OA: NA,8/28/2026,9/25/2026,2026-08-17T15:04:45.000Z,11/30/2026,,,,,8/17/2026,,tjonsek@gmail.com,Melly Mentor,Tawnya Lee,0.99,1,4,8/17/2026,,8/5/2026,,,8/5/2026,Orient,Registered,13,FALSE,,8/17/2026,,8/17/2026,Passed,,2026-08-17T14:00:05.000Z,Encouraged ST and sent advice for studying for OA (preassessment passed).,,,,,555-555-1288,,"Bachelor of Science, Cloud and Network Engineering",202510,6/1/2031,9,,AS,,,,,,,,,,,,,104,Behind,30.77%,6/1/2026,Opted In,EST,88.16%,14,
Ray,BSCNEAWS,D413,2,000000056,Med Low,Test Student,PA: 1 P/OA: NA,8/31/2026,10/31/2026,2026-08-16T13:55:33.000Z,10/31/2026,,,,,8/15/2026,,tjonsek@gmail.com,Melly Mentor,Tawnya Lee,2.04,5,3,8/16/2026,,8/7/2026,,,8/7/2026,Boise,Registered,12,FALSE,,8/15/2026,,8/15/2026,Passed,,2026-08-12T18:30:00.000Z,Encouraged ST and sent advice for studying for OA (preassessment passed).,,,,,555-555-1289,,"Bachelor of Science, Cloud and Network Engineering - Amazon Web Services",202510,10/31/2028,9,,AS,,,,,,,,,,,,,74,Behind,25.00%,5/1/2026,Opted In,MST,80.00%,10,
,BSCNECIS,D413,2,000000057,Med Low,Test Student,PA: 1 P/OA: NA,8/1/2026,8/31/2026,2026-08-16T13:55:57.000Z,10/31/2026,,,,,8/14/2026,,tjonsek@gmail.com,Melly Mentor,Tawnya Lee,2.04,5,6,8/16/2026,,8/14/2026,,,8/14/2026,Two Harbors,Registered,15,FALSE,,8/14/2026,,8/14/2026,Passed,,2026-08-15T14:33:03.000Z,Encouraged ST and sent advice for studying for OA (preassessment passed).,,,,,555-555-1290,,"Bachelor of Science, Cloud and Network Engineering - Cisco",202510,4/30/2028,9,6/30/2026,AS,,,,,,,,,,,,,74,Behind,40.00%,5/1/2026,Opted In,CST,85.25%,10,
,BSCNEAZR,D413,2,000000058,Med Low,Test Student,PA: 1 P/OA: NS,8/31/2026,8/31/2026,2026-08-16T15:59:09.000Z,8/31/2026,,,,,7/23/2026,8/14/2026,tjonsek@gmail.com,Melly Mentor,Tawnya Lee,1.96,4,7,8/16/2026,,6/17/2026,,,6/17/2026,Wilkes-Barre,Registered,14,FALSE,,8/17/2026,8/14/2026,7/23/2026,Passed,Not Passed,2026-08-10T23:28:11.000Z,"Hi Joselina, You were pretty close to passing. I see you did well on the pretest. I cant verify how much work you did over the last two months but I will grant approval. If you need a third attempt, it will be very rigorous to get approval. Just a heads ",,,,,555-555-1291,,"Bachelor of Science, Cloud and Network Engineering - Microsoft Azure",202510,8/31/2027,7,9/30/2025,AS,,,,,,,,,,,,,13,Behind,50.00%,3/1/2026,Opted In,EST,90.00%,1,
,BSCNEAWS,D413,2,000000059,Med Low,Test Student,PA: 1P/OA: 1 NP,7/15/2026,8/26/2026,2026-08-17T20:13:44.000Z,10/31/2026,,,,,8/4/2026,8/6/2026,tjonsek@gmail.com,Melly Mentor,Tawnya Lee,0.78,4,3,8/17/2026,,7/15/2026,,,7/15/2026,BEAVERCREEK,Registered,13,FALSE,,8/16/2026,8/6/2026,8/4/2026,Passed,Not Passed,2026-08-06T14:50:57.000Z,"
 I thought I'd check in and see how the D413 studies are going. Please let me know your progress and if you need anything. 
 In case you missed it in the welcome email, here are additional resources to help you study: 
 Telecomm & Wireless Communications",,,,,555-555-1292,,"Bachelor of Science, Cloud and Network Engineering - Amazon Web Services",202510,4/30/2028,10,10/31/2026,AS,,,,,,,,,,,,,74,Behind,23.08%,5/1/2026,Opted In,EST,79.37%,10,
,BSCNE,D413,2,000000060,High,Test Student,PA: 3 1 F/2P OA: 2 - F,9/4/2026,10/5/2026,2026-08-12T22:39:17.000Z,11/30/2026,,,,,6/16/2026,6/16/2026,tjonsek@gmail.com,Melly Mentor,Tawnya Lee,5.68,2,10,8/12/2026,,6/8/2026,,,6/8/2026,Hope Mills,Registered,13,FALSE,,8/12/2026,6/16/2026,6/16/2026,Passed,Not Passed,2026-08-05T18:25:27.000Z,"ST completed third attempt study plan. For missing quizzes, he was able to screenshot proof that he had taken the quiz and emailed it to me.",,,,,555-555-1293,,"Bachelor of Science, Cloud and Network Engineering",202510,11/30/2028,3,,AS,,,,,,,,,,,,,104,Ahead,76.92%,6/1/2026,Opted In,EST,95.24%,14,
Selena,BSCNEAWS,D413,2,000000061,Low,Test Student,"PA: 4, 1 F, 3 P/OA: 1 NP",5/15/2026,6/30/2026,2026-08-12T22:44:45.000Z,9/30/2026,,,,,6/8/2026,7/7/2026,tjonsek@gmail.com,Melly Mentor,Tawnya Lee,5.67,2,3,8/12/2026,,4/20/2026,,,4/20/2026,Farmers Branch,Registered,13,FALSE,,8/17/2026,7/7/2026,6/8/2026,Passed,Not Passed,2026-08-17T23:09:45.000Z,"Hi Selena, I noticed you may be working on a different course right now based on your activity. I dont want to harass you so I thought Id reach out and see what your overall plan is for your next D413 attempt. Do you plan on retaking it before the end o",,,,,555-555-1294,,"Bachelor of Science, Cloud and Network Engineering - Amazon Web Services",202510,3/31/2029,10,12/31/2028,AS,,,,,,,,,,,,,43,Behind,23.08%,4/1/2026,Opted In,CST,67.80%,6,
,BSCNE,D413,2,000000062,Med Low,Test Student,PA; 2 NP/OA: NA,5/7/2026,7/15/2026,2026-08-10T21:04:33.000Z,8/31/2026,,,,,7/29/2026,,tjonsek@gmail.com,Melly Mentor,Tawnya Lee,7.74,2,8,8/10/2026,,5/7/2026,,,5/7/2026,Fountain,Registered,14,FALSE,,7/29/2026,,7/29/2026,Not Passed,,2026-08-14T20:42:12.000Z,"
 I thought I'd check in and see how the D413 studies are going. Please let me know your progress and if you need anything. 
 In case you missed it in the welcome email, here are additional resources to help you study: 
 Telecomm & Wireless Communications",,,,,555-555-1295,,"Bachelor of Science, Cloud and Network Engineering",202510,2/28/2029,6,10/31/2028,AS,,,,,,,,,,,,,13,Behind,57.14%,3/1/2026,Opted In,MST,86.36%,1,
,BSSWE,D424,1,000000063,Med,Test Student,Student Not Working in Course,7/1/2026,10/30/2026,2026-08-06T13:19:27.000Z,12/31/2026,,,,,,,tjonsek@gmail.com,Melly Mentor,Tawnya Lee,12.07,6,4,8/6/2026,,7/1/2026,,,7/1/2026,Ashville,Registered,14,FALSE,,8/13/2026,,,,,2026-08-17T19:21:41.000Z,"Good luck with Java! I'll check in after a few weeks to see how things are going. 
   Tawnya Lee, M.S., M.Ed. (She/Her) Instructor, College of Information Technology Western Governors University Toll Free: 1-877-435-7948 ext. 4052 tawnya.lee@wgu.edu ",,,,,555-555-1296,,"Bachelor of Science, Software Engineering",202303,6/30/2027,10,12/31/2026,AS,,,,,,,,,,,,,135,Ahead,28.57%,7/1/2026,Not Opted In,CST,86.07%,19,
,BSCNEAWS,D413,2,000000064,Low,Test Student,Student Not Working in Course,5/5/2026,10/31/2026,2026-08-10T21:04:06.000Z,10/31/2026,,,,,,,tjonsek@gmail.com,Melly Mentor,Tawnya Lee,7.74,2,0,8/10/2026,,5/5/2026,,,5/5/2026,Upland,Registered,13,FALSE,,8/12/2026,,,,,2026-08-12T20:04:44.000Z,"
 I thought I'd check in and see how the D413 studies are going. Please let me know your progress and if you need anything. 
 In case you missed it in the welcome email, here are additional resources to help you study: 
 Telecomm & Wireless Communications",,,,,555-555-1297,,"Bachelor of Science, Cloud and Network Engineering - Amazon Web Services",202510,4/30/2029,13,,AS,,,,,,,,,,,,,74,Behind,0.00%,5/1/2026,Opted In,PST,61.67%,10,
,BSCSIA,C769,4,000000065,Low,Test Student,Student Not Working in Course,8/31/2026,10/31/2026,2026-08-10T21:00:01.000Z,10/31/2026,,,,,,,tjonsek@gmail.com,Melly Mentor,Tawnya Lee,7.75,7,0,8/10/2026,,5/18/2026,,,5/18/2026,north royalton,Registered,12,FALSE,,8/17/2026,,,,,2026-08-17T18:42:38.000Z,Offered support and encouragement. Reminded ST of communities and resources for the course.,,,,,555-555-1298,,"Bachelor of Science, Cybersecurity and Information Assurance",202303,11/1/2026,12,8/31/2026,AS,,,,,,,,,,,,,74,Behind,0.00%,5/1/2026,Opted In,EST,73.33%,10,
,BSCSIA,C769,4,000000066,Med,Test Student,Student Not Working in Course,7/7/2026,12/31/2026,2026-07-28T17:52:02.000Z,12/31/2026,,,,,,,tjonsek@gmail.com,Melly Mentor,Tawnya Lee,20.88,6,4,7/28/2026,,7/7/2026,,,7/7/2026,VIRGINIA BEACH,Registered,8,FALSE,,8/7/2026,,,,,2026-08-10T23:24:35.000Z,"Outgoing: This is your capstone instructor, Tawnya. I just emailed you a link to the updated (as of this morning) resource for C769. The older resource will have outdated links. Please check email at your earliest convenience and bookmark the new site. 
",,,,,555-555-1299,,"Bachelor of Science, Cybersecurity and Information Assurance",202303,1/1/2027,4,9/30/2026,AS,,,,,,,,,,,,,135,Ahead,50.00%,7/1/2026,Opted In,EST,96.72%,19,
,BSIT,C769,4,000000067,Low,Test Student,Student Not Working in Course,3/2/2026,8/31/2026,2026-08-10T20:57:35.000Z,8/31/2026,,,,,,,tjonsek@gmail.com,Melly Mentor,Tawnya Lee,7.75,12,0,8/10/2026,,3/2/2026,,,3/2/2026,Rochester,Registered,12,FALSE,,8/17/2026,,,,,2026-08-17T17:26:51.000Z,Offered support and encouragement. Reminded ST of communities and resources for the course.,,,,,555-555-1300,,"Bachelor of Science, Information Technology",202207,9/1/2026,12,3/31/2025,AS,,,,,,,,,,,,,13,Behind,0.00%,3/1/2026,Opted In,,58.92%,1,
,BSCSIA,C769,4,000000068,Low,Test Student,Student Not Working in Course,7/1/2026,7/31/2026,2026-08-16T18:02:27.000Z,12/31/2026,2026-06-29 (1),,,,,,tjonsek@gmail.com,Melly Mentor,Tawnya Lee,1.87,11,0,8/16/2026,,7/1/2026,,,7/1/2026,Byron,Registered,12,FALSE,FALSE,8/14/2026,,,,,2026-08-14T17:37:47.000Z,Offered support and encouragement. Reminded ST of communities and resources for the course.,06/29/2026 (1),1,6/29/2026,Passed,555-555-1301,50,"Bachelor of Science, Cybersecurity and Information Assurance",202303,1/1/2027,12,12/31/2026,AS,,,,,,,,,,,,,135,Behind,0.00%,7/1/2026,Opted In,EST,61.80%,19,
,BSDA,D502,1,000000069,Low,Test Student,Task 1 Support,8/1/2026,9/30/2026,2026-08-17T14:49:59.000Z,9/30/2026,2026-08-17 (0),,,,,,tjonsek@gmail.com,Melly Mentor,Tawnya Lee,1,9,2,8/17/2026,,6/24/2026,,,6/24/2026,Robbinsdale,Registered,14,FALSE,TRUE,8/18/2026,,,,,2026-08-17T00:19:56.000Z,"You need to complete the form that is on the SharePoint site (not the one listed in Task 1 in the main course page). Then, submit that form for task 1. One of us instructors will approve it there.  The idea itself should be fine.  ",08/17/2026 (0),0,8/17/2026,Task Submitted,555-555-1302,1,"Bachelor of Science, Data Analytics",202309,10/1/2026,12,9/30/2026,AS,,,,,,,,,,,,,43,Behind,14.29%,4/1/2026,Opted In,CST,74.19%,6,
,BSDA,D502,1,000000070,Med,Test Student,Task 1 Support,5/14/2026,7/14/2026,2026-08-10T22:12:01.000Z,9/30/2026,,,,,,,tjonsek@gmail.com,Melly Mentor,Tawnya Lee,7.7,13,4,8/10/2026,,5/12/2026,,,5/13/2026,RUTHERFORD,Registered,8,FALSE,,7/30/2026,,,,,2026-08-17T14:16:44.000Z,"Hi Luis, I noticed D502 is your last class! Im sure youre looking forward to passing and completing your degree. What can I do to help you get started? Do you have any questions for me today? 
 For your convenience, here is the SharePoint for the course",,,,,555-555-1303,,"Bachelor of Science, Data Analytics",202309,10/1/2026,4,9/30/2026,AS,,,,,,,,,,,,,43,Behind,50.00%,4/1/2026,Opted In,EST,70.29%,6,
,BSDA,D502,1,000000071,Low,Test Student,Task 1 Support,5/14/2026,10/31/2026,2026-08-17T20:07:14.000Z,10/31/2026,,,,,,,tjonsek@gmail.com,Melly Mentor,Tawnya Lee,0.78,2,0,8/17/2026,,5/14/2026,,,5/14/2026,Cincinnati,Registered,11,FALSE,,8/17/2026,,,,,2026-08-17T14:00:00.000Z,"I thought I'd check in and see how things are going. In case you misplaced it, here's a link for the D502 SharePoint site. It has templates, guidance, and sample papers to help you feel confident in completing each task. Don't forget about the live webina",,,,,555-555-1304,,"Bachelor of Science, Data Analytics",202309,11/1/2026,11,4/30/2026,AS,,,,,,,,,,,,,74,Behind,0.00%,5/1/2026,Not Opted In,EST,83.46%,10,
David,BSSWE,D424,1,000000072,High,Test Student,Task 1 Support,7/2/2026,9/25/2026,2026-08-17T22:21:28.000Z,12/31/2026,2026-07-06 (1),2026-07-15 (1),,,,,tjonsek@gmail.com,Melly Mentor,Tawnya Lee,0.69,6,0,8/17/2026,,7/2/2026,Amazon Career Choice Program,ACCP,7/2/2026,LEWISVILLE,Registered,4,FALSE,FALSE,8/8/2026,,,,,2026-08-17T17:57:52.000Z,Offered support and encouragement. Reminded ST of communities and resources for the course.,07/15/2026 (1),1,7/15/2026,Passed,555-555-1305,34,"Bachelor of Science, Software Engineering",202303,1/1/2027,4,12/31/2026,AS,,,,,,,,,,,,,135,Behind,0.00%,7/1/2026,Opted In,CST,96.64%,19,
,BSSWE,D424,1,000000073,Med Low,Test Student,Task 1 Support,7/22/2026,8/31/2026,2026-08-11T17:04:23.000Z,8/31/2026,,,,,,,tjonsek@gmail.com,Melly Mentor,Tawnya Lee,6.91,6,6,8/11/2026,,7/27/2026,,,7/27/2026,OURIMBAH,Registered,13,FALSE,,8/12/2026,,,,,2026-08-02T22:46:19.000Z,"Its pretty easy to modify the mobile app for Capstone. You have to include a search feature, a report, and some kind of security. I have more information on all of that on the Task 3 page of the SharePoint. You can combine the search with a report to kno",,,,,555-555-1306,,"Bachelor of Science, Software Engineering",202303,9/1/2026,7,4/30/2026,AS,,,,,,,,,,,,,13,Behind,46.15%,3/1/2026,Opted In,PST,84.85%,1,
,BSSWE,D424,1,000000074,High,Test Student,Task 1 Support,8/1/2026,8/31/2026,2026-08-16T15:52:33.000Z,10/31/2026,2026-08-17 (1),2026-08-17 (0),,,,,tjonsek@gmail.com,Melly Mentor,Tawnya Lee,1.96,7,9,8/16/2026,,8/14/2026,,,8/14/2026,Shelby,Registered,13,FALSE,TRUE,8/17/2026,,,,,2026-08-17T16:52:24.000Z,"Scheduling the meeting is not required if you are unable to do so. Feel free to read the SharePoint and submit task 1 based on what is there. If you follow the SharePoint I sent you, youll be solid. If the link isnt working, please report it to the help",08/17/2026 (0),0,8/17/2026,Task Submitted,555-555-1307,1,"Bachelor of Science, Software Engineering",202303,11/1/2026,4,10/31/2026,AS,,,,,,,,,,,,,74,Ahead,69.23%,5/1/2026,Opted In,CST,91.27%,10,
,BSSWE_C,D424,1,000000075,Low,Test Student,Task 1 Support,4/1/2026,9/30/2026,2026-08-16T16:54:52.000Z,9/30/2026,,,,,,,tjonsek@gmail.com,Melly Mentor,Tawnya Lee,1.92,9,0,8/16/2026,,4/13/2026,Amazon Career Choice Program,ACCP,4/13/2026,Philadelphia,Registered,13,FALSE,,8/16/2026,,,,,2026-08-06T22:12:52.000Z,Offered support and encouragement. Reminded ST of communities and resources for the course.,,,,,555-555-1308,,"Bachelor of Science, Software Engineering",202303,10/1/2026,13,3/31/2024,AS,,,,,,,,,,,,,43,Behind,0.00%,4/1/2026,Not Opted In,EST,73.55%,6,
,BSSWE_C,D424,1,000000076,Low,Test Student,Task 1 Support,4/2/2026,6/30/2026,2026-08-16T18:44:45.000Z,9/30/2026,,,,,,,tjonsek@gmail.com,Melly Mentor,Tawnya Lee,1.84,8,0,8/16/2026,,4/20/2026,,,4/20/2026,TUCSON,Registered,4,FALSE,,8/7/2026,,,,,2026-08-07T23:04:10.000Z,Offered support and encouragement. Reminded ST of communities and resources for the course.,,,,,555-555-1309,,"Bachelor of Science, Software Engineering",202303,10/1/2026,4,,AS,,,,,,,,,,,,,43,Behind,0.00%,4/1/2026,Opted In,MST,84.35%,6,
,BSSWE,D424,1,000000077,Med Low,Test Student,Task 1 Support,6/1/2026,8/31/2026,2026-08-16T18:45:27.000Z,9/30/2026,,,,,,,tjonsek@gmail.com,Melly Mentor,Tawnya Lee,1.84,7,0,8/16/2026,,5/4/2026,,,5/4/2026,Chicago,Registered,7,FALSE,,8/17/2026,,,,,2026-08-17T17:21:36.000Z,Offered support and encouragement. Reminded ST of communities and resources for the course.,,,,,555-555-1310,,"Bachelor of Science, Software Engineering",202303,10/1/2026,7,4/30/2026,AS,,,,,,,,,,,,,43,Behind,0.00%,4/1/2026,Opted In,CST,85.29%,6,
Cody,BSSWE,D424,1,000000078,Med High,Test Student,Task 1 Support,6/1/2026,8/31/2026,2026-08-10T22:13:31.000Z,11/30/2026,,,,,,,tjonsek@gmail.com,Melly Mentor,Tawnya Lee,7.7,12,0,8/10/2026,,7/3/2026,,,7/3/2026,Kingman,Registered,7,FALSE,,8/17/2026,,,,,2026-08-17T22:16:25.000Z,"Hi Cody, As you work to finish the mobile app course, do you have any initial questions regarding Capstone? 
 Please let me know if I can be of any help. Have a great day! 
    Tawnya Lee, (She/Her/Her",,,,,555-555-1311,,"Bachelor of Science, Software Engineering",202303,12/1/2026,7,5/31/2026,AS,,,,,,,,,,,,,104,Behind,0.00%,6/1/2026,Opted In,MST,77.71%,14,
,BSSWE,D424,1,000000079,Low,Test Student,Task 1 Support,6/2/2026,10/3/2026,2026-08-16T16:55:38.000Z,11/30/2026,,,,,,,tjonsek@gmail.com,Melly Mentor,Tawnya Lee,1.92,7,0,8/16/2026,,6/2/2026,,,6/2/2026,Gardendale,Registered,12,FALSE,,8/12/2026,,,,,2026-08-17T01:14:44.000Z,Offered support and encouragement. Reminded ST of communities and resources for the course.,,,,,555-555-1312,,"Bachelor of Science, Software Engineering",202303,12/1/2026,12,9/30/2026,AS,,,,,,,,,,,,,104,Behind,0.00%,6/1/2026,Opted In,CST,72.30%,14,
,BSSWE_C,D424,1,000000080,Med Low,Test Student,Task 1 Support,6/8/2026,7/31/2026,2026-08-17T20:17:31.000Z,11/30/2026,2026-06-29 (1),,,,,,tjonsek@gmail.com,Melly Mentor,Tawnya Lee,0.78,12,0,8/17/2026,,6/8/2026,,,6/8/2026,GALLOWAY,Registered,4,FALSE,FALSE,8/17/2026,,,,,2026-08-17T14:36:48.000Z,Offered support and encouragement. Reminded ST of communities and resources for the course.,06/29/2026 (1),1,6/29/2026,Passed,555-555-1313,50,"Bachelor of Science, Software Engineering",202303,12/1/2026,4,8/31/2026,AS,,,,,,,,,,,,,104,Behind,0.00%,6/1/2026,Not Opted In,EST,76.54%,14,
,BSSWE,D424,1,000000081,Med Low,Test Student,Task 1 Support,6/20/2026,8/31/2026,2026-08-16T16:56:03.000Z,8/31/2026,,,,,,,tjonsek@gmail.com,Melly Mentor,Tawnya Lee,1.92,6,6,8/16/2026,,5/11/2026,,,5/11/2026,Coral Springs,Registered,14,FALSE,,8/16/2026,,,,,2026-08-16T17:00:58.000Z,Offered support and encouragement. Reminded ST of communities and resources for the course.,,,,,555-555-1314,,"Bachelor of Science, Software Engineering",202303,9/1/2026,8,8/31/2026,AS,,,,,,,,,,,,,13,Behind,42.86%,3/1/2026,Opted In,EST,79.45%,1,
,BSSWE,D424,1,000000082,Med High,Test Student,Task 1 Support,7/1/2026,7/31/2026,2026-08-10T22:17:09.000Z,10/31/2026,,,,,,,tjonsek@gmail.com,Melly Mentor,Tawnya Lee,7.69,10,3,8/10/2026,,7/20/2026,,,7/20/2026,Bakersfield,Registered,7,FALSE,,8/4/2026,,,,,2026-08-10T16:43:47.000Z,"Hi Cyrus,  It looks like you may be starting Task 1 for Capstone soon. Just a reminder! Use the form here. That page also explains the form. It's part of an entire SharePoint site that explains the course in detail.  Complete the form and email it to m",,,,,555-555-1315,,"Bachelor of Science, Software Engineering",202303,11/1/2026,4,4/30/2026,AS,,,,,,,,,,,,,74,Behind,42.86%,5/1/2026,Opted In,PST,85.37%,10,
,BSCNECIS,D370,3,000000083,Med High,Test Student,Task 1 Support,8/2/2026,9/12/2026,2026-08-16T16:51:41.000Z,9/30/2026,2026-08-17 (1),,,,,,tjonsek@gmail.com,Melly Mentor,Tawnya Lee,1.92,1,11,8/16/2026,,7/28/2026,,,7/28/2026,Bellevue,Registered,18,FALSE,TRUE,8/17/2026,,,,,2026-08-11T19:25:53.000Z,"Hello Justin,  Your paper was returned due to some grammatical issues  this is a common hurdle, and its something you can definitely fix with the right tools and a bit of time.  One option that can really help is Grammarly for Education, which you sho",08/17/2026 (1),1,8/17/2026,Task Submitted,555-555-1316,1,"Bachelor of Science, Cloud and Network Engineering - Cisco",202510,3/31/2028,7,3/31/2029,AS,,,,,,,,,,,,,43,Ahead,61.11%,4/1/2026,Opted In,EST,87.27%,6,
Jovonnie,BSCCMCL,D370,3,000000084,Med,Test Student,Task 1 Support,5/19/2026,9/29/2026,2026-08-10T20:08:41.000Z,9/30/2026,,,,,,,tjonsek@gmail.com,Melly Mentor,Tawnya Lee,7.78,5,9,8/10/2026,,5/19/2026,,,5/19/2026,Knightdale,Registered,19,FALSE,FALSE,8/17/2026,,,,,2026-08-17T12:51:12.000Z,Offered support and encouragement. Reminded ST of communities and resources for the course.,,,,,555-555-1317,,"Bachelor of Science, Cloud Computing",202406,3/31/2027,10,1/31/2027,AS,,,,,,,,,,,,,43,Behind,47.37%,4/1/2026,Opted In,EST,78.86%,6,
,MSITMUG,C769,4,000000085,Med Low,Test Student,Task 1 Support,9/1/2026,10/31/2026,2026-08-16T15:48:06.000Z,10/31/2026,,,,,,,tjonsek@gmail.com,Melly Mentor,Tawnya Lee,1.96,7,4,8/16/2026,,8/15/2026,,,8/15/2026,Port Charlotte,Registered,11,FALSE,,8/17/2026,,,,,2026-08-12T16:57:04.000Z,"Discussed overview of course, resources, how to approach each course, and the level of support I can provide.",,,,,555-555-1318,,"Bachelor of Science, Information Technology (BSIT to MSITM)",202207,11/1/2026,7,,AS,,,,,,,,,,,,,74,Behind,36.36%,5/1/2026,Opted In,EST,87.07%,10,
,MSITMUG,C769,4,000000086,Low,Test Student,Task 1 Support,9/11/2026,10/31/2026,2026-08-10T20:56:43.000Z,10/31/2026,,,,,,,tjonsek@gmail.com,Melly Mentor,Tawnya Lee,7.75,2,0,8/10/2026,,6/16/2026,,,6/16/2026,Atlanta,Registered,14,FALSE,,8/9/2026,,,,,2026-08-04T19:32:08.000Z,Offered support and encouragement. Reminded ST of communities and resources for the course.,,,,,555-555-1319,,"Bachelor of Science, Information Technology (BSIT to MSITM)",202207,11/1/2026,14,,AS,,,,,,,,,,,,,74,Behind,0.00%,5/1/2026,Opted In,EST,84.96%,10,
,BSCSIA,C769,4,000000087,Med Low,Test Student,Task 1 Support,7/7/2026,8/31/2026,2026-08-17T20:09:01.000Z,8/31/2026,2026-08-06 (1),,,,,,tjonsek@gmail.com,Melly Mentor,Tawnya Lee,0.78,6,8,8/17/2026,,8/4/2026,,,8/4/2026,Augusta,Registered,16,FALSE,FALSE,8/17/2026,,,,,2026-08-13T15:47:20.000Z,Offered support and encouragement. Reminded ST of communities and resources for the course.,08/06/2026 (1),1,8/6/2026,Passed,555-555-1320,12,"Bachelor of Science, Cybersecurity and Information Assurance",202303,9/1/2026,8,8/31/2026,AS,,,,,,,,,,,,,13,Behind,50.00%,3/1/2026,Not Opted In,EST,93.44%,1,
,BSIT,C769,4,000000088,High,Test Student,Task 1 Support,8/14/2026,9/30/2026,2026-08-18T14:23:15.000Z,9/30/2026,,,,,,,tjonsek@gmail.com,Melly Mentor,Tawnya Lee,0.02,4,25,8/18/2026,,8/14/2026,,,8/14/2026,Old Bridge,Planned,29,FALSE,,8/18/2026,,,,,2026-08-17T15:27:07.000Z,"You should be downloading the file first. Then, youd make changes with a copy of the file. You submit that file for task 1 the way youd submit any task. Have you tried downloading the file first?    ",,,,,555-555-1321,,"Bachelor of Science, Information Technology",202207,10/1/2026,4,9/30/2026,AS,,,,,,,,,,,,,43,Yes,86.21%,4/1/2026,Opted In,EST,96.69%,6,
,BSCSIA,C769,4,000000089,Low,Test Student,Task 1 Support,2/9/2026,7/31/2026,2026-08-18T14:56:25.000Z,1/31/2027,2026-07-20 (1),2026-08-17 (1),,,,,tjonsek@gmail.com,Melly Mentor,Tawnya Lee,0,11,0,8/18/2026,,2/9/2026,,,2/9/2026,SIERRA VISTA,Not Passed,0,FALSE,TRUE,8/17/2026,,,,,2026-08-13T22:48:05.000Z,"Hello Benjamin, Congrats on passing Task 2! You've finished the majority of the work in Capstone. Much of Task 2 can be reused. To learn what can be reused and for an explanation of what is unique to Task 3, please read this Task 3 breakdown.  If you hav",08/17/2026 (1),1,8/17/2026,Passed,555-555-1322,1,"Bachelor of Science, Cybersecurity and Information Assurance",202303,2/1/2027,0,12/31/2025,AS,,,,,,,,,,,,,166,Behind,0.00%,8/1/2026,Opted In,EST,65.56%,-2,
,BSCSIA,C769,4,000000090,Low,Test Student,Task 3 Support,12/31/2025,1/31/2026,2026-01-29T15:48:56.000Z,1/31/2027,2026-07-20 (1),2026-08-17 (1),,,,,tjonsek@gmail.com,Melly Mentor,Tawnya Lee,200.96,11,0,1/29/2026,,1/15/2026,,,1/15/2026,SIERRA VISTA,Not Passed,0,FALSE,TRUE,8/17/2026,,,,,2026-08-13T22:48:05.000Z,"Hi Benjamin, It looks like you will be working on Capstone next term. Please let me know if you have questions about what kinds of project qualify and how to get approval.  You should also bookmark this resource because it will be useful in getting each ",08/17/2026 (1),1,8/17/2026,Passed,555-555-1323,1,"Bachelor of Science, Cybersecurity and Information Assurance",202303,2/1/2027,0,12/31/2025,AS,,,,,,,,,,,,,166,Behind,0.00%,8/1/2026,Opted In,EST,65.56%,-28,
,BSCSIA,C769,4,000000091,Med Low,Test Student,Task 1 Support,6/4/2026,8/31/2026,2026-08-17T14:45:37.000Z,8/31/2026,2026-08-18 (1),,,,,,tjonsek@gmail.com,Melly Mentor,Tawnya Lee,1.01,11,0,8/17/2026,,8/17/2026,,,8/17/2026,Kennewick,Registered,8,FALSE,FALSE,8/18/2026,,,,,2026-08-17T23:09:49.000Z,No. You cant write a 20ish page paper in Powerpoint. I would use the template we provide for you to make it easier to complete the tasks. The allowed filetypes just points to what file types the system will accept. There are other courses where one might,08/18/2026 (1),1,8/18/2026,Passed,555-555-1324,0,"Bachelor of Science, Cybersecurity and Information Assurance",202303,9/1/2026,8,8/31/2026,AS,,,,,,,,,,,,,13,Behind,0.00%,3/1/2026,Opted In,PST,69.09%,1,
,BSDA,D502,1,000000092,High,Test Student,Task 2 Support,7/19/2026,9/30/2026,2026-08-16T14:10:34.000Z,9/30/2026,2026-07-23 (1),2026-08-14 (1),,,,,tjonsek@gmail.com,Melly Mentor,Tawnya Lee,2.03,3,15,8/16/2026,,7/19/2026,,,7/19/2026,Matthews,Registered,19,FALSE,FALSE,8/14/2026,,,,,2026-08-17T20:16:59.000Z,"Hello Alison, Overall, the evaluator wants you to add more detail to each summary in A3. I recommend expanding on the details youve already presented. For example, in your first source: What specifically did they say? How many students were in the study?",08/14/2026 (1),1,8/14/2026,Revisions Needed,555-555-1325,4,"Bachelor of Science, Data Analytics",202309,10/1/2026,4,4/30/2026,AS,,,,,,,,,,,,,43,Yes,78.95%,4/1/2026,Opted In,EST,97.04%,6,
,BSDA,D502,1,000000093,High,Test Student,Task 2 Support,8/10/2026,10/31/2026,2026-08-17T14:59:47.000Z,10/31/2026,2026-08-16 (1),,,,,,tjonsek@gmail.com,Melly Mentor,Tawnya Lee,1,6,12,8/17/2026,,8/12/2026,,,8/12/2026,Maple Valley,Registered,16,FALSE,FALSE,8/17/2026,,,,,2026-08-17T18:13:28.000Z,"Hello Christina, Congrats on project approval! Next step - do your analysis first! Once you complete your analysis, write task 2. Remember to use future tense and write as if you have not started the work. While this is backwards, it will make the process",08/16/2026 (1),1,8/16/2026,Passed,555-555-1326,2,"Bachelor of Science, Data Analytics",202309,11/1/2026,4,3/31/2028,AS,,,,,,,,,,,,,74,Yes,75.00%,5/1/2026,Opted In,PST,96.72%,10,
,BSDA,D502,1,000000094,Med High,Test Student,Task 2 Support,8/14/2026,9/16/2026,2026-08-17T14:59:09.000Z,11/30/2026,2026-08-16 (1),,,,,,tjonsek@gmail.com,Melly Mentor,Tawnya Lee,1,5,5,8/17/2026,,8/12/2026,Amazon Career Choice Program,ACCP,8/12/2026,Fort Wayne,Registered,9,FALSE,FALSE,8/16/2026,,,,,2026-08-17T01:14:55.000Z,"Hello Kyaw, Congrats on project approval! Next step - do your analysis first! Once you complete your analysis, write task 2. Remember to use future tense and write as if you have not started the work. While this is backwards, it will make the process easi",08/16/2026 (1),1,8/16/2026,Passed,555-555-1327,2,"Bachelor of Science, Data Analytics",202309,12/1/2026,4,7/31/2026,AS,,,,,,,,,,,,,104,Behind,55.56%,6/1/2026,Opted In,EST,92.91%,14,
,BSDA,D502,1,000000095,Med,Test Student,Task 2 Support,6/1/2026,6/30/2026,2026-08-10T22:27:46.000Z,10/31/2026,2026-06-02 (1),,,,,,tjonsek@gmail.com,Melly Mentor,Tawnya Lee,7.69,6,0,8/10/2026,,5/8/2026,,,5/8/2026,Grimes,Registered,6,FALSE,FALSE,8/12/2026,,,,,2026-08-12T15:58:08.000Z," Hello Calvin, I thought I'd check in to see how task 2 is progressing. In case you missed it or misplaced my email, I'm sending a link that will be helpful for Task 2.  Task 2 Guide  If you have any questions, please reach out to me. I'm happy to clar",06/02/2026 (1),1,6/2/2026,Passed,555-555-1328,77,"Bachelor of Science, Data Analytics",202309,11/1/2026,6,10/31/2026,AS,,,,,,,,,,,,,74,Behind,0.00%,5/1/2026,Opted In,,95.08%,10,
,BSDA,D502,1,000000096,Med Low,Test Student,Task 2 Support,7/1/2026,7/31/2026,2026-08-10T19:57:09.000Z,8/31/2026,2026-03-18 (1),2026-08-09 (1),,,,,tjonsek@gmail.com,Melly Mentor,Tawnya Lee,7.79,5,6,8/10/2026,,3/13/2026,,,3/13/2026,NORTH LITTLE ROCK,Registered,12,FALSE,FALSE,8/12/2026,,,,,2026-08-17T11:58:45.000Z,"I thought I'd check in and see how things are going. In case you misplaced it, here's a link for the D502 SharePoint site. It has templates, guidance, and sample papers to help you feel confident in completing each task. Don't forget about the live webina",08/09/2026 (1),1,8/9/2026,Passed,555-555-1329,9,"Bachelor of Science, Data Analytics",202309,9/1/2026,6,8/31/2026,AS,,,,,,,,,,,,,13,Behind,50.00%,3/1/2026,Opted In,CST,88.55%,1,
Manuel,BSDA,D502,1,000000097,Med High,Test Student,Task 2 Support,7/1/2026,9/30/2026,2026-08-12T19:47:00.000Z,12/31/2026,2026-08-11 (1),,,,,,tjonsek@gmail.com,Melly Mentor,Tawnya Lee,5.8,5,0,8/12/2026,,7/1/2026,,,7/1/2026,American Fork,Registered,4,FALSE,FALSE,8/17/2026,,,,,2026-08-17T15:38:01.000Z,"Hello Manuel, Congrats on project approval! Next step - do your analysis first! Once you complete your analysis, write task 2. Remember to use future tense and write as if you have not started the work. While this is backwards, it will make the process ea",08/11/2026 (1),1,8/11/2026,Passed,555-555-1330,7,"Bachelor of Science, Data Analytics",202309,1/1/2027,4,7/31/2026,AS,,,,,,,,,,,,,135,Behind,0.00%,7/1/2026,Opted In,PST,96.72%,19,
,BSSWE_C,D424,1,000000098,High,Test Student,Task 2 Support,8/17/2026,9/26/2026,2026-08-18T14:48:59.000Z,1/31/2027,2026-08-17 (1),,,,,,tjonsek@gmail.com,Melly Mentor,Tawnya Lee,0.01,5,3,8/18/2026,,8/17/2026,,,8/17/2026,Saipan,Registered,7,FALSE,TRUE,8/17/2026,,,,,2026-08-12T01:59:46.000Z,"Hello Denzel, Congrats on project approval!In case you've misplaced the links from my welcome email, I thought I'd send what you need to complete Task 2. Task 2 has some typos. The link I just shared is the final word on what is actually required.  If ",08/17/2026 (1),1,8/17/2026,Passed,555-555-1331,1,"Bachelor of Science, Software Engineering",202303,2/1/2027,4,12/31/2026,AS,,,,,,,,,,,,,166,Ahead,42.86%,8/1/2026,Opted In,PST,91.27%,23,
,MSSWEUG,D424,1,000000099,High,Test Student,Task 2 Support,8/25/2026,9/29/2026,2026-08-18T14:50:39.000Z,11/30/2026,2026-08-17 (1),,,,,,tjonsek@gmail.com,Melly Mentor,Tawnya Lee,0,4,10,8/18/2026,,7/14/2026,,,7/14/2026,North Richland Hills,Registered,14,FALSE,TRUE,8/17/2026,,,,,2026-08-11T19:54:59.000Z,"Hello Tyler, Congrats on project approval!In case you've misplaced the links from my welcome email, I thought I'd send what you need to complete Task 2. Task 2 has some typos. The link I just shared is the final word on what is actually required.  If y",08/17/2026 (1),1,8/17/2026,Passed,555-555-1332,1,"Bachelor of Science, Software Engineering (BSSWE to MSSWE)",202504,12/1/2026,4,11/30/2026,AS,,,,,,,,,,,,,104,Ahead,71.43%,6/1/2026,Opted In,CST,96.97%,14,
Wes,BSSWE_C,D424,1,000000100,Med High,Test Student,Task 2 Support,9/2/2026,10/31/2026,2026-08-12T19:49:00.000Z,10/31/2026,2026-08-11 (1),,,,,,tjonsek@gmail.com,Melly Mentor,Tawnya Lee,5.8,9,10,8/12/2026,,6/12/2026,,,6/12/2026,Manteca,Registered,14,FALSE,FALSE,8/17/2026,,,,,2026-08-11T15:32:43.000Z,"Hello Wes, Congrats on project approval!In case you've misplaced the links from my welcome email, I thought I'd send what you need to complete Task 2. Task 2 has some typos. The link I just shared is the final word on what is actually required.  If you",08/11/2026 (1),1,8/11/2026,Passed,555-555-1333,7,"Bachelor of Science, Software Engineering",202303,11/1/2026,4,10/31/2026,AS,,,,,,,,,,,,,74,Ahead,71.43%,5/1/2026,Opted In,PST,95.45%,10,
,BSSWE,D424,1,000000101,Med,Test Student,Task 2 Support,9/14/2026,9/30/2026,2026-08-13T13:32:28.000Z,11/30/2026,2026-08-12 (1),,2026-08-12 (1),,,,tjonsek@gmail.com,Melly Mentor,Tawnya Lee,5.06,7,6,8/13/2026,,8/11/2026,,,8/11/2026,West Fargo,Registered,14,FALSE,FALSE,8/14/2026,,,,,2026-08-17T22:59:42.000Z,"Hello Lucas, Congrats on project approval!In case you've misplaced the links from my welcome email, I thought I'd send what you need to complete Task 2. Task 2 has some typos. The link I just shared is the final word on what is actually required.  If y",08/12/2026 (1),1,8/12/2026,Passed,555-555-1334,6,"Bachelor of Science, Software Engineering",202303,12/1/2026,8,12/31/2026,AS,,,,,,,,,,,,,104,Ahead,42.86%,6/1/2026,Opted In,CST,87.23%,14,
,BSSWE_C,D424,1,000000102,High,Test Student,Task 2 Support,7/6/2026,9/30/2026,2026-08-11T21:50:36.000Z,9/30/2026,2026-08-10 (1),,,,,,tjonsek@gmail.com,Melly Mentor,Tawnya Lee,6.71,5,15,8/11/2026,,7/19/2026,,,7/19/2026,Tucson,Registered,19,FALSE,FALSE,8/10/2026,,,,,2026-08-05T12:13:37.000Z,"Hello Eric, Congrats on project approval!In case you've misplaced the links from my welcome email, I thought I'd send what you need to complete Task 2. Task 2 has some typos. The link I just shared is the final word on what is actually required.  If yo",08/10/2026 (1),1,8/10/2026,Passed,555-555-1335,8,"Bachelor of Science, Software Engineering",202303,10/1/2026,4,9/30/2026,AS,,,,,,,,,,,,,43,Yes,78.95%,4/1/2026,Opted In,MST,96.64%,6,
,BSSWE,D424,1,000000103,Med Low,Test Student,Task 2 Support,7/15/2026,9/30/2026,2026-08-16T18:46:11.000Z,9/30/2026,2026-06-08 (1),2026-06-26 (1),,,,,tjonsek@gmail.com,Melly Mentor,Tawnya Lee,1.84,11,3,8/16/2026,,5/30/2026,B4 Women in Tech,B4WT,5/30/2026,San Antonio,Registered,10,FALSE,FALSE,8/10/2026,,,,,2026-08-10T15:11:05.000Z,Offered support and encouragement. Reminded ST of communities and resources for the course.,06/26/2026 (1),1,6/26/2026,Passed,555-555-1336,53,"Bachelor of Science, Software Engineering",202303,10/1/2026,7,10/31/2026,AS,,,,,,,,,,,,,43,Behind,30.00%,4/1/2026,Opted In,CST,73.22%,6,
Katie,BSSWE,D424,1,000000104,Med High,Test Student,Task 2 Support,7/28/2026,9/8/2026,2026-08-03T22:54:08.000Z,11/30/2026,2026-07-15 (1),,,,,,tjonsek@gmail.com,Melly Mentor,Tawnya Lee,14.67,9,4,8/3/2026,,7/3/2026,,,7/3/2026,Fort Pierce,Registered,8,FALSE,FALSE,8/10/2026,,,,,2026-08-10T20:11:08.000Z,"
 How is task 2 progressing? Do you have any questions for me? 
 In case you've misplaced the links I've previously sent, I thought I'd send what you need to complete Task 2. 
 If you need support, let me know. Im happy to do draft reviews of the written",07/15/2026 (1),1,7/15/2026,Passed,555-555-1337,34,"Bachelor of Science, Software Engineering",202303,12/1/2026,4,,AS,,,,,,,,,,,,,104,Behind,50.00%,6/1/2026,Opted In,MST,96.64%,14,
,BSSWE_C,D424,1,000000105,Med Low,Test Student,Task 2 Support,8/3/2026,12/31/2026,2026-08-06T13:28:27.000Z,1/31/2027,2026-08-05 (1),,,,,,tjonsek@gmail.com,Melly Mentor,Tawnya Lee,12.06,9,0,8/6/2026,,8/3/2026,,,8/3/2026,TIGARD,Registered,7,FALSE,FALSE,8/16/2026,,,,,2026-08-05T13:22:46.000Z,"Hello Scott, Congrats on project approval!In case you've misplaced the links from my welcome email, I thought I'd send what you need to complete Task 2. Task 2 has some typos. The link I just shared is the final word on what is actually required.  If y",08/05/2026 (1),1,8/5/2026,Passed,555-555-1338,13,"Bachelor of Science, Software Engineering",202303,2/1/2027,7,1/31/2027,AS,,,,,,,,,,,,,166,Behind,0.00%,8/1/2026,Not Opted In,MST,82.31%,23,
Brandon,BSSWE_C,D424,1,000000106,Med,Test Student,Task 2 Support,8/3/2026,9/8/2026,2026-08-12T19:47:55.000Z,1/31/2027,2026-08-11 (3),2026-08-13 (1),,,,,tjonsek@gmail.com,Melly Mentor,Tawnya Lee,5.8,8,0,8/12/2026,,8/5/2026,,,8/5/2026,Rexburg,Registered,4,FALSE,FALSE,8/17/2026,,,,,2026-08-10T17:10:36.000Z,"Hello Brandon, Congrats on project approval!In case you've misplaced the links from my welcome email, I thought I'd send what you need to complete Task 2. Task 2 has some typos. The link I just shared is the final word on what is actually required.  If",08/13/2026 (1),1,8/13/2026,Passed,555-555-1339,5,"Bachelor of Science, Software Engineering",202303,2/1/2027,4,8/31/2026,AS,,,,,,,,,,,,,166,Behind,0.00%,8/1/2026,Opted In,PST,69.78%,23,
,MSSWEUG,D424,1,000000107,High,Test Student,Task 2 Support,8/3/2026,8/31/2026,2026-08-18T14:51:16.000Z,8/31/2026,2026-08-17 (1),,,,,,tjonsek@gmail.com,Melly Mentor,Tawnya Lee,0,2,19,8/18/2026,,8/4/2026,,,8/4/2026,Phoenix,Registered,33,FALSE,TRUE,8/17/2026,,,,,2026-08-17T14:57:44.000Z,"Hello John, Congrats on project approval!In case you've misplaced the links from my welcome email, I thought I'd send what you need to complete Task 2. Task 2 has some typos. The link I just shared is the final word on what is actually required.  If yo",08/17/2026 (1),1,8/17/2026,Passed,555-555-1340,1,"Bachelor of Science, Software Engineering (BSSWE to MSSWE)",202504,9/1/2026,14,9/30/2026,AS,,,,,,,,,,,,,13,Yes,57.58%,3/1/2026,Opted In,MST,89.15%,1,
,MSSWEUG,D424,1,000000108,High,Test Student,Task 2 Support,8/7/2026,8/31/2026,2026-08-11T21:51:15.000Z,8/31/2026,2026-08-10 (1),,,,,,tjonsek@gmail.com,Melly Mentor,Tawnya Lee,6.71,1,41,8/11/2026,,8/8/2026,,,8/8/2026,Magna,Registered,53,FALSE,FALSE,8/17/2026,,,,,2026-08-14T01:05:03.000Z,"Hello Christopher, Congrats on project approval!In case you've misplaced the links from my welcome email, I thought I'd send what you need to complete Task 2. Task 2 has some typos. The link I just shared is the final word on what is actually required. ",08/10/2026 (1),1,8/10/2026,Passed,555-555-1341,8,"Bachelor of Science, Software Engineering (BSSWE to MSSWE)",202504,9/1/2026,12,2/29/2028,AS,,,,,,,,,,,,,13,Yes,77.36%,3/1/2026,Opted In,MST,90.70%,1,
,BSSWE_C,D424,1,000000109,High,Test Student,Task 2 Support,8/8/2026,8/31/2026,2026-08-13T13:33:07.000Z,8/31/2026,2026-08-12 (1),,,,,,tjonsek@gmail.com,Melly Mentor,Tawnya Lee,5.06,4,13,8/13/2026,,8/8/2026,,,8/8/2026,CORVALLIS,Registered,17,FALSE,FALSE,8/12/2026,,,,,2026-08-13T11:47:18.000Z,"Hello Logan, Congrats on project approval!In case you've misplaced the links from my welcome email, I thought I'd send what you need to complete Task 2. Task 2 has some typos. The link I just shared is the final word on what is actually required.  If y",08/12/2026 (1),1,8/12/2026,Passed,555-555-1342,6,"Bachelor of Science, Software Engineering",202303,9/1/2026,4,9/30/2026,AS,,,,,,,,,,,,,13,Yes,76.47%,3/1/2026,Opted In,PST,96.72%,1,
,BSSWE,D424,1,000000110,High,Test Student,Task 2 Support,8/9/2026,11/30/2026,2026-08-11T21:53:55.000Z,11/30/2026,2026-08-10 (1),2026-08-13 (1),2026-08-17 (1),2026-08-17 (0),,,tjonsek@gmail.com,Melly Mentor,Tawnya Lee,6.71,2,36,8/11/2026,,8/10/2026,,,8/10/2026,Strongsville,Registered,40,FALSE,TRUE,8/17/2026,,,,,2026-08-17T20:09:39.000Z,"Hello Nathan, Congrats on project approval!In case you've misplaced the links from my welcome email, I thought I'd send what you need to complete Task 2. Task 2 has some typos. The link I just shared is the final word on what is actually required.  If ",08/17/2026 (0),0,8/17/2026,Task Submitted,555-555-1343,1,"Bachelor of Science, Software Engineering",202303,12/1/2026,4,8/31/2026,AS,,,,,,,,,,,,,104,Yes,90.00%,6/1/2026,Opted In,EST,96.64%,14,
,BSSWE,D424,1,000000111,High,Test Student,Task 2 Support,8/11/2026,8/31/2026,2026-08-17T15:00:37.000Z,8/31/2026,2026-08-16 (1),,,,,,tjonsek@gmail.com,Melly Mentor,Tawnya Lee,1,8,15,8/17/2026,,8/11/2026,,,8/11/2026,Santa Maria,Registered,19,FALSE,FALSE,8/16/2026,,,,,2026-08-17T17:58:22.000Z,"Hello Nicholas, Congrats on project approval!In case you've misplaced the links from my welcome email, I thought I'd send what you need to complete Task 2. Task 2 has some typos. The link I just shared is the final word on what is actually required.  I",08/16/2026 (1),1,8/16/2026,Passed,555-555-1344,2,"Bachelor of Science, Software Engineering",202303,9/1/2026,4,9/30/2026,AS,,,,,,,,,,,,,13,Yes,78.95%,3/1/2026,Opted In,PST,88.06%,1,
Jay,BSSWE,D424,1,000000112,High,Test Student,Task 2 Support,8/14/2026,9/25/2026,2026-08-12T19:48:28.000Z,9/30/2026,2026-08-11 (1),,,,,,tjonsek@gmail.com,Melly Mentor,Tawnya Lee,5.8,6,10,8/12/2026,,8/4/2026,,,8/4/2026,Kimberly,Registered,14,FALSE,FALSE,8/12/2026,,,,,2026-08-12T22:45:11.000Z,"Hello Jay, Congrats on project approval!In case you've misplaced the links from my welcome email, I thought I'd send what you need to complete Task 2. Task 2 has some typos. The link I just shared is the final word on what is actually required.  If you",08/11/2026 (1),1,8/11/2026,Passed,555-555-1345,7,"Bachelor of Science, Software Engineering",202303,10/1/2026,4,9/30/2026,AS,,,,,,,,,,,,,43,Ahead,71.43%,4/1/2026,Opted In,MST,96.64%,6,
,BSSWE,D424,1,000000113,Med Low,Test Student,Task 2 Support,5/4/2026,10/25/2026,2026-08-16T15:37:24.000Z,10/31/2026,2026-06-16 (1),,,,,,tjonsek@gmail.com,Melly Mentor,Tawnya Lee,1.97,7,0,8/16/2026,,5/4/2026,,,5/4/2026,SAINT FRANCIS,Registered,4,FALSE,FALSE,8/16/2026,,,,,2026-08-09T19:30:25.000Z,"I know you have to login to the portal to access it, but I dont know if they (WGU admin who set up the SharePoint Team Site) have made it phone friendly. Ive never tried to access it on my phone.    ",06/16/2026 (1),1,6/16/2026,Passed,555-555-1346,63,"Bachelor of Science, Software Engineering",202303,11/1/2026,4,6/30/2026,AS,,,,,,,,,,,,,74,Behind,0.00%,5/1/2026,Opted In,CST,96.64%,10,
R MICHAEL,BSSWE,D424,1,000000114,Med High,Test Student,Task 2 Support,5/16/2026,8/31/2026,2026-08-10T22:33:18.000Z,8/31/2026,2026-07-14 (1),2026-08-13 (1),,,,,tjonsek@gmail.com,Melly Mentor,Tawnya Lee,7.68,5,10,8/10/2026,,6/10/2026,,,6/10/2026,Colorado Springs,Planned,14,FALSE,FALSE,8/13/2026,,,,,2026-08-12T14:27:12.000Z,"Hello R. Michael, As we continue in the last month of your term, I thought Id see if you need help with capstone. The D424 SharePoint Site should be your definitive guide for passing the class.  Let me know if you have any questions. Good luck! 
   ",08/13/2026 (1),1,8/13/2026,Passed,555-555-1347,5,"Bachelor of Science, Software Engineering",202303,9/1/2026,4,8/31/2026,AS,,,,,,,,,,,,,13,Behind,71.43%,3/1/2026,Not Opted In,MST,87.79%,1,
,BSSWE,D424,1,000000115,Med,Test Student,Task 2 Support,5/29/2026,7/31/2026,2026-08-11T21:52:35.000Z,1/31/2027,2026-08-10 (2),,,,,,tjonsek@gmail.com,Melly Mentor,Tawnya Lee,6.71,6,0,8/11/2026,,7/18/2026,,,7/18/2026,Annandale,Planned,0,FALSE,FALSE,8/10/2026,,,,,2026-08-10T17:22:06.000Z,"Hello Johnathan, Congrats on project approval!In case you've misplaced the links from my welcome email, I thought I'd send what you need to complete Task 2. Task 2 has some typos. The link I just shared is the final word on what is actually required.  ",08/10/2026 (2),2,8/10/2026,Passed,555-555-1348,8,"Bachelor of Science, Software Engineering",202303,2/1/2027,0,7/31/2025,AS,,,,,,,,,,,,,166,Behind,0.00%,8/1/2026,Opted In,EST,96.64%,-2,
,BSSWE,D424,1,000000116,Med High,Test Student,Task 2 Support,6/1/2026,6/30/2026,2026-07-30T14:25:39.000Z,8/31/2026,2026-07-29 (1),,,,,,tjonsek@gmail.com,Melly Mentor,Tawnya Lee,19.02,3,9,7/30/2026,,7/28/2026,,,7/28/2026,Bakersfield,Registered,13,FALSE,FALSE,8/17/2026,,,,,2026-08-18T13:22:49.000Z,"Hello Irmina, Congrats on project approval!In case you've misplaced the links from my welcome email, I thought I'd send what you need to complete Task 2. Task 2 has some typos. The link I just shared is the final word on what is actually required.  If ",07/29/2026 (1),1,7/29/2026,Passed,555-555-1349,20,"Bachelor of Science, Software Engineering",202303,9/1/2026,4,8/31/2026,AS,,,,,,,,,,,,,13,Behind,69.23%,3/1/2026,Opted In,EST,96.64%,1,
,BSSWE,D424,1,000000117,High,Test Student,Task 2 Support,6/11/2026,9/16/2026,2026-08-10T20:28:45.000Z,10/31/2026,2026-08-07 (1),,,,,,tjonsek@gmail.com,Melly Mentor,Tawnya Lee,7.77,10,22,8/10/2026,,6/12/2026,,,6/12/2026,Plano,Registered,26,FALSE,FALSE,8/7/2026,,,,,2026-08-13T23:39:12.000Z,"Hello Cortayshious, Congrats on project approval!In case you've misplaced the links from my welcome email, I thought I'd send what you need to complete Task 2. Task 2 has some typos. The link I just shared is the final word on what is actually required.",08/07/2026 (1),1,8/7/2026,Passed,555-555-1350,11,"Bachelor of Science, Software Engineering",202303,11/1/2026,4,10/31/2024,AS,,,,,,,,,,,,,74,Yes,84.62%,5/1/2026,Opted In,CST,77.16%,10,
,BSSWE,D424,1,000000118,High,Test Student,Task 2 Support,6/15/2026,9/30/2026,2026-08-18T12:00:26.000Z,9/30/2026,2026-07-26 (1),2026-08-13 (1),,,,,tjonsek@gmail.com,Melly Mentor,Tawnya Lee,0.12,5,6,8/17/2026,,6/15/2026,,,6/15/2026,TORRANCE,Registered,10,FALSE,FALSE,8/18/2026,,,,,2026-08-18T12:00:26.000Z,"Fernando, Thank you for the update! That sounds like a solid plan. Im glad to hear youre making progress on your Capstone. Please keep me posted as you work through Task 3, and dont hesitate to reach out if you have any questions or need support along ",08/13/2026 (1),1,8/13/2026,Passed,555-555-1351,5,"Bachelor of Science, Software Engineering",202303,10/1/2026,4,10/31/2026,AS,,,,,,,,,,,,,43,Behind,60.00%,4/1/2026,Opted In,PST,91.27%,6,
,BSSWE_C,D424,1,000000119,High,Test Student,Task 2 Support,6/22/2026,8/26/2026,2026-08-02T13:52:28.000Z,10/31/2026,2026-07-13 (1),,,,,,tjonsek@gmail.com,Melly Mentor,Tawnya Lee,16.04,9,3,8/2/2026,,6/22/2026,B4 Women in Tech,B4WT,6/22/2026,N LAS VEGAS,Registered,7,FALSE,FALSE,8/12/2026,,,,,2026-08-11T00:43:48.000Z,"Everything but the description of what your app does is fictional in task 2. You arent held to what you write in task 2. 
    Tawnya Lee, (She/Her/Hers), M.S., M.Ed. Instructor School of Technology | ",07/13/2026 (1),1,7/13/2026,Passed,555-555-1352,36,"Bachelor of Science, Software Engineering",202303,11/1/2026,4,,AS,,,,,,,,,,,,,74,Behind,42.86%,5/1/2026,Opted In,EST,94.66%,10,
,BSSWE,D424,1,000000120,Med Low,Test Student,Task 2 Support,6/24/2026,8/31/2026,2026-08-16T18:45:50.000Z,8/31/2026,2026-08-04 (1),,,,,,tjonsek@gmail.com,Melly Mentor,Tawnya Lee,1.84,5,9,8/16/2026,,7/1/2026,,,7/1/2026,Rego Park,Registered,17,FALSE,FALSE,8/16/2026,,,,,2026-08-17T12:40:03.000Z,Offered support and encouragement. Reminded ST of communities and resources for the course.,08/04/2026 (1),1,8/4/2026,Passed,555-555-1353,14,"Bachelor of Science, Software Engineering",202303,9/1/2026,8,8/31/2026,AS,,,,,,,,,,,,,13,Behind,52.94%,3/1/2026,Not Opted In,EST,88.89%,1,
,BSSWE,D424,1,000000121,Med High,Test Student,Task 2 Support,6/29/2026,9/30/2026,2026-07-28T17:11:38.000Z,9/30/2026,2026-07-27 (1),,,,,,tjonsek@gmail.com,Melly Mentor,Tawnya Lee,20.91,6,6,7/28/2026,,6/29/2026,,,6/29/2026,Woodland,Registered,13,FALSE,FALSE,8/17/2026,,,,,2026-08-18T00:18:51.000Z,"Hello Eduardo, Congrats on project approval!In case you've misplaced the links from my welcome email, I thought I'd send what you need to complete Task 2. Task 2 has some typos. The link I just shared is the final word on what is actually required.  If",07/27/2026 (1),1,7/27/2026,Passed,555-555-1354,22,"Bachelor of Science, Software Engineering",202303,10/1/2026,7,8/31/2026,AS,,,,,,,,,,,,,43,Behind,46.15%,4/1/2026,Opted In,PST,89.60%,6,
,BSSWE,D424,1,000000122,Med,Test Student,Task 2 Support,7/1/2026,12/31/2026,2026-08-13T20:22:01.000Z,12/31/2026,2026-07-12 (1),,,,,,tjonsek@gmail.com,Melly Mentor,Tawnya Lee,4.77,6,0,8/2/2026,,7/1/2026,,,7/1/2026,Locust Grove,Registered,4,FALSE,FALSE,8/13/2026,,,,,2026-08-13T20:22:01.000Z,Thomas Bennett  1:15 PM Will do. Ive had a crazy 4 weeks so Ive not made a ton of progress on the capstone. But it's coming along Katherine Urquhart  2:21 PM ,07/12/2026 (1),1,7/12/2026,Passed,555-555-1355,37,"Bachelor of Science, Software Engineering",202303,1/1/2027,4,7/31/2026,AS,,,,,,,,,,,,,135,Behind,0.00%,7/1/2026,Opted In,MST,96.04%,19,
Taylor,BSSWE,D424,1,000000123,Med High,Test Student,Task 2 Support,7/1/2026,10/31/2026,2026-08-11T21:53:14.000Z,10/31/2026,2026-08-10 (1),,,,,,tjonsek@gmail.com,Melly Mentor,Tawnya Lee,6.71,11,3,8/11/2026,,6/17/2026,,,6/17/2026,HUNTINGTON,Registered,10,FALSE,FALSE,8/12/2026,,,,,2026-08-12T18:10:49.000Z,"Hello Taylor, Congrats on project approval!In case you've misplaced the links from my welcome email, I thought I'd send what you need to complete Task 2. Task 2 has some typos. The link I just shared is the final word on what is actually required.  If ",08/10/2026 (1),1,8/10/2026,Passed,555-555-1356,8,"Bachelor of Science, Software Engineering",202303,11/1/2026,7,9/30/2026,AS,,,,,,,,,,,,,74,Behind,30.00%,5/1/2026,Opted In,EST,70.37%,10,
,BSSWE,D424,1,000000124,High,Test Student,Task 2 Support,7/1/2026,8/31/2026,2026-08-06T13:29:13.000Z,8/31/2026,2026-08-05 (1),2026-08-17 (0),,,,,tjonsek@gmail.com,Melly Mentor,Tawnya Lee,12.06,3,26,8/6/2026,,6/18/2026,,,6/18/2026,Breiningsville,Registered,30,FALSE,TRUE,8/17/2026,,,,,2026-08-18T03:03:48.000Z,"Hello Muhammet, Congrats on project approval!In case you've misplaced the links from my welcome email, I thought I'd send what you need to complete Task 2. Task 2 has some typos. The link I just shared is the final word on what is actually required.  I",08/17/2026 (0),0,8/17/2026,Task Submitted,555-555-1357,1,"Bachelor of Science, Software Engineering",202303,9/1/2026,4,6/30/2026,AS,,,,,,,,,,,,,13,Yes,86.67%,3/1/2026,Opted In,EST,92.00%,1,
,BSSWE_C,D424,1,000000125,High,Test Student,Task 2 Support,7/1/2026,7/31/2026,2026-08-17T22:20:46.000Z,1/31/2027,2026-07-07 (1),,,,,,tjonsek@gmail.com,Melly Mentor,Tawnya Lee,0.69,5,0,8/17/2026,,7/1/2026,,,7/1/2026,Buena Park,Planned,0,FALSE,FALSE,8/4/2026,,,,,2026-08-04T20:56:21.000Z,Offered support and encouragement. Reminded ST of communities and resources for the course.,07/07/2026 (1),1,7/7/2026,Passed,555-555-1358,42,"Bachelor of Science, Software Engineering",202303,2/1/2027,0,7/31/2026,AS,,,,,,,,,,,,,166,Behind,0.00%,8/1/2026,Opted In,PST,93.50%,-2,
,BSSWE,D424,1,000000126,Low,Test Student,Task 2 Support,7/2/2026,9/17/2026,2026-08-10T22:30:39.000Z,12/31/2026,2026-07-19 (1),,,,,,tjonsek@gmail.com,Melly Mentor,Tawnya Lee,7.68,5,0,8/10/2026,,7/2/2026,,,7/2/2026,Vandenberg SFB,Registered,12,FALSE,FALSE,8/3/2026,,,,,2026-08-17T12:41:58.000Z,"Hello Elijah, I know you have plenty of time and Im not wanting to rush you. However, I do want to touch base and make sure you are doing well and dont need assistance for anything. 
 As always, the D424 SharePoint Site is your definitive guide for this",07/19/2026 (1),1,7/19/2026,Passed,555-555-1359,30,"Bachelor of Science, Software Engineering",202303,1/1/2027,12,6/30/2026,AS,,,,,,,,,,,,,135,Behind,0.00%,7/1/2026,Opted In,EST,89.92%,19,
,BSDA,D370,3,000000127,Med,Test Student,Task 2 Support,8/16/2026,9/30/2026,2026-08-16T16:44:41.000Z,12/31/2026,2026-08-12 (1),,,,,,tjonsek@gmail.com,Melly Mentor,Tawnya Lee,1.92,1,2,8/16/2026,,7/28/2026,,,7/29/2026,JBLM,Registered,14,FALSE,FALSE,8/16/2026,,,,,2026-08-06T18:33:13.000Z,"This looks good. I have one suggestion. In B2, you need to clearlyidentify which change goes with which communication method. The two changes cannot have the same communication method.     Tawnya Lee",08/12/2026 (1),1,8/12/2026,Passed,555-555-1360,6,"Bachelor of Science, Data Analytics",202309,12/31/2030,12,5/31/2029,AS,,,,,,,,,,,,,135,Behind,14.29%,7/1/2026,Opted In,CST,52.00%,19,
,BSSWE,D370,3,000000128,Low,Test Student,Task 2 Support,7/1/2026,7/22/2026,2026-08-10T20:07:15.000Z,8/31/2026,2026-07-28 (1),,,,,,tjonsek@gmail.com,Melly Mentor,Tawnya Lee,7.78,1,6,8/10/2026,,6/5/2026,,,6/5/2026,Republic,Registered,19,FALSE,FALSE,8/17/2026,,,,,2026-08-17T18:45:03.000Z,Offered support and encouragement. Reminded ST of communities and resources for the course.,07/28/2026 (1),1,7/28/2026,Passed,555-555-1361,21,"Bachelor of Science, Software Engineering",202303,2/28/2030,13,12/31/2029,AS,,,,,,,,,,,,,13,Behind,31.58%,3/1/2026,Opted In,CST,58.06%,1,
,MSITMUG,C769,4,000000129,High,Test Student,Task 2 Support,8/16/2026,9/30/2026,2026-08-18T14:21:38.000Z,9/30/2026,2026-08-17 (1),2026-08-17 (0),,,,,tjonsek@gmail.com,Melly Mentor,Tawnya Lee,0.02,3,19,8/18/2026,,8/17/2026,,,8/17/2026,Fort Worth,Registered,31,FALSE,TRUE,8/18/2026,,,,,2026-08-16T23:19:20.000Z,"Hello Scott, Ive pulled up your paper and the evaluation report and will make notes as I read. First thing I noticed was you are incredibly brief in your writing. If you did not use the explanations for Task 2 of each section before writing, this is why.",08/17/2026 (0),0,8/17/2026,Evaluation Started,555-555-1362,1,"Bachelor of Science, Information Technology (BSIT to MSITM)",202207,10/1/2026,12,3/31/2027,AS,,,,,,,,,,,,,43,Yes,61.29%,4/1/2026,Not Opted In,CST,88.72%,6,
,BSIT,C769,4,000000130,Low,Test Student,Task 2 Support,8/17/2026,8/31/2026,2026-08-17T15:02:13.000Z,8/31/2026,2026-08-16 (1),,,,,,tjonsek@gmail.com,Melly Mentor,Tawnya Lee,1,8,2,8/17/2026,,8/8/2026,,,8/8/2026,COLORADO SPGS,Registered,10,FALSE,FALSE,8/17/2026,,,,,2026-08-14T00:46:21.000Z,"Hello Brian,  Congrats on project approval! In case you've misplaced the links from my welcome email, I thought I'd send what you need to complete Task 2.If you follow the process, download the template, and use the explanations to understand the level ",08/16/2026 (1),1,8/16/2026,Passed,555-555-1363,2,"Bachelor of Science, Information Technology",202207,9/1/2026,8,3/31/2025,AS,,,,,,,,,,,,,13,Behind,20.00%,3/1/2026,Opted In,CST,68.90%,1,
,BSCSIA,C769,4,000000131,Med Low,Test Student,Task 2 Support,8/20/2026,8/31/2026,2026-08-17T15:01:38.000Z,8/31/2026,2026-08-16 (1),,,,,,tjonsek@gmail.com,Melly Mentor,Tawnya Lee,1,8,7,8/17/2026,,8/16/2026,,,8/16/2026,Chadds Ford,Registered,15,FALSE,FALSE,8/18/2026,,,,,2026-08-16T16:47:15.000Z,"Hello Matthew,  Congrats on project approval! In case you've misplaced the links from my welcome email, I thought I'd send what you need to complete Task 2.If you follow the process, download the template, and use the explanations to understand the leve",08/16/2026 (1),1,8/16/2026,Passed,555-555-1364,2,"Bachelor of Science, Cybersecurity and Information Assurance",202303,9/1/2026,8,6/30/2026,AS,,,,,,,,,,,,,13,Behind,46.67%,3/1/2026,Opted In,EST,81.43%,1,
,BSCSIA,C769,4,000000132,Med Low,Test Student,Task 2 Support,9/30/2026,11/30/2026,2026-08-10T20:42:03.000Z,11/30/2026,2026-08-07 (1),,,,,,tjonsek@gmail.com,Melly Mentor,Tawnya Lee,7.76,9,4,8/10/2026,,8/1/2026,B4 Women in Tech,B4WT,8/1/2026,JACKSONVILLE,Registered,12,FALSE,FALSE,8/18/2026,,,,,2026-08-14T19:20:16.000Z,"Hello Charnelle,  Congrats on project approval! In case you've misplaced the links from my welcome email, I thought I'd send what you need to complete Task 2.If you follow the process, download the template, and use the explanations to understand the le",08/07/2026 (1),1,8/7/2026,Passed,555-555-1365,11,"Bachelor of Science, Cybersecurity and Information Assurance",202303,12/1/2026,8,5/31/2026,AS,,,,,,,,,,,,,104,Behind,33.33%,6/1/2026,Not Opted In,EST,71.25%,14,
,BSCSIA,C769,4,000000133,Low,Test Student,Task 2 Support,9/30/2026,12/31/2026,2026-08-16T18:02:50.000Z,1/31/2027,2025-12-31 (2),,,,,,tjonsek@gmail.com,Melly Mentor,Tawnya Lee,1.87,8,0,8/16/2026,,8/5/2026,,,8/5/2026,Conyers,Registered,7,FALSE,FALSE,8/12/2026,,,,,2026-08-04T13:39:57.000Z,Offered support and encouragement. Reminded ST of communities and resources for the course.,12/31/2025 (2),2,12/31/2025,Passed,555-555-1366,230,"Bachelor of Science, Cybersecurity and Information Assurance",202303,2/1/2027,7,12/31/2026,AS,,,,,,,,,,,,,166,Behind,0.00%,8/1/2026,Not Opted In,EST,65.34%,23,
,MSITMUG,C769,4,000000134,Med Low,Test Student,Task 2 Support,10/1/2026,10/31/2026,2026-08-18T14:54:20.000Z,10/31/2026,2026-08-17 (1),,,,,,tjonsek@gmail.com,Melly Mentor,Tawnya Lee,0,7,3,8/18/2026,,8/1/2026,,,8/1/2026,Zebulon,Registered,20,FALSE,TRUE,8/17/2026,,,,,2026-08-12T23:57:50.000Z,"Hello Jessica,  Congrats on project approval! In case you've misplaced the links from my welcome email, I thought I'd send what you need to complete Task 2.If you follow the process, download the template, and use the explanations to understand the leve",08/17/2026 (1),1,8/17/2026,Passed,555-555-1367,1,"Bachelor of Science, Information Technology (BSIT to MSITM)",202207,11/1/2026,17,4/30/2027,AS,,,,,,,,,,,,,74,Behind,15.00%,5/1/2026,Opted In,EST,72.73%,10,
Jonathan,BSCSIA,C769,4,000000135,Med Low,Test Student,Task 2 Support,10/1/2026,11/30/2026,2026-07-29T18:15:33.000Z,11/30/2026,2026-07-28 (1),,,,,,tjonsek@gmail.com,Melly Mentor,Tawnya Lee,19.86,6,4,7/29/2026,,7/17/2026,,,7/17/2026,Corryton,Registered,12,FALSE,FALSE,8/17/2026,,,,,2026-08-02T23:44:21.000Z,"Hello Jonathan,  Congrats on project approval! In case you've misplaced the links from my welcome email, I thought I'd send what you need to complete Task 2.If you follow the process, download the template, and use the explanations to understand the lev",07/28/2026 (1),1,7/28/2026,Passed,555-555-1368,21,"Bachelor of Science, Cybersecurity and Information Assurance",202303,12/1/2026,8,10/31/2026,AS,,,,,,,,,,,,,104,Behind,33.33%,6/1/2026,Opted In,EST,93.44%,14,
Zac,BSIT,C769,4,000000136,Low,Test Student,Task 2 Support,7/6/2026,8/31/2026,2026-08-10T20:59:14.000Z,8/31/2026,2026-06-15 (1),,,,,,tjonsek@gmail.com,Melly Mentor,Tawnya Lee,7.75,8,7,8/10/2026,,5/7/2026,,,5/7/2026,Radium,Registered,17,FALSE,FALSE,7/27/2026,,,,,2026-08-10T15:57:48.000Z,Offered support and encouragement. Reminded ST of communities and resources for the course.,06/15/2026 (1),1,6/15/2026,Passed,555-555-1369,64,"Bachelor of Science, Information Technology",202207,9/1/2026,10,8/31/2026,AS,,,,,,,,,,,,,13,Behind,41.18%,3/1/2026,Opted In,CST,72.08%,1,
,BSCSIA,C769,4,000000137,High,Test Student,Task 2 Support,7/28/2026,9/30/2026,2026-08-05T15:12:58.000Z,9/30/2026,2026-08-04 (1),,,,,,tjonsek@gmail.com,Melly Mentor,Tawnya Lee,12.99,4,43,8/5/2026,,8/2/2026,,,8/2/2026,Evans,Registered,47,FALSE,FALSE,8/14/2026,,,,,2026-08-14T18:37:31.000Z,"Hello Dayna,  Congrats on project approval! In case you've misplaced the links from my welcome email, I thought I'd send what you need to complete Task 2.If you follow the process, download the template, and use the explanations to understand the level ",08/04/2026 (1),1,8/4/2026,Passed,555-555-1370,14,"Bachelor of Science, Cybersecurity and Information Assurance",202303,10/1/2026,4,12/31/2027,AS,,,,,,,,,,,,,43,Yes,91.49%,4/1/2026,Opted In,EST,96.72%,6,
,BSIT,C769,4,000000138,High,Test Student,Task 2 Support,7/31/2026,8/31/2026,2026-08-16T14:02:59.000Z,8/31/2026,2026-08-07 (1),2026-08-17 (1),,,,,tjonsek@gmail.com,Melly Mentor,Tawnya Lee,2.04,3,17,8/16/2026,,8/1/2026,,,8/1/2026,Vaughan,Registered,21,FALSE,TRUE,8/17/2026,,,,,2026-08-14T18:03:54.000Z,"Hello Kaiden, I saw your task was returned for revisions and would like to provide guidance. First, congrats on getting your task submitted! With a little more work, hopefully we can get you a pass on your next submission. First, I want to thank you for y",08/17/2026 (1),1,8/17/2026,Task Submitted,555-555-1371,1,"Bachelor of Science, Information Technology",202207,9/1/2026,4,8/31/2026,AS,,,,,,,,,,,,,13,Yes,80.95%,3/1/2026,Opted In,EST,92.13%,1,
Jill,BSCSIA,C769,4,000000139,High,Test Student,Task 2 Support,8/1/2026,8/31/2026,2026-07-28T17:52:01.000Z,9/30/2026,2026-05-19 (1),,,,,,tjonsek@gmail.com,Melly Mentor,Tawnya Lee,20.88,4,12,7/28/2026,,5/14/2026,,,5/14/2026,Colorado Springs,Registered,16,FALSE,FALSE,8/8/2026,,,,,2026-08-11T23:56:27.000Z,"Outgoing: This is your capstone instructor, Tawnya. I just emailed you a link to the updated (as of this morning) resource for C769. The older resource will have outdated links. Please check email at your earliest convenience and bookmark the new site. 
",05/19/2026 (1),1,5/19/2026,Passed,555-555-1372,91,"Bachelor of Science, Cybersecurity and Information Assurance",202303,10/1/2026,4,9/30/2026,AS,,,,,,,,,,,,,43,Yes,75.00%,4/1/2026,Opted In,CST,93.65%,6,
,BSIT,C769,4,000000140,Med High,Test Student,Task 2 Support,8/1/2026,11/30/2026,2026-08-10T20:37:58.000Z,11/30/2026,2026-08-07 (1),,,,,,tjonsek@gmail.com,Melly Mentor,Tawnya Lee,7.76,7,3,8/10/2026,,7/21/2026,,,7/21/2026,JB ANDREWS,Registered,7,FALSE,FALSE,8/7/2026,,,,,2026-08-06T22:44:19.000Z,"Hello William,  Congrats on project approval! In case you've misplaced the links from my welcome email, I thought I'd send what you need to complete Task 2.If you follow the process, download the template, and use the explanations to understand the leve",08/07/2026 (1),1,8/7/2026,Passed,555-555-1373,11,"Bachelor of Science, Information Technology",201901,12/1/2026,4,5/31/2026,AS,,,,,,,,,,,,,104,Behind,42.86%,6/1/2026,Opted In,CST,96.69%,14,
,BSIT,C769,4,000000141,High,Test Student,Task 2 Support,3/1/2026,8/31/2026,2026-08-04T14:27:33.000Z,8/31/2026,2026-08-03 (1),2026-08-15 (1),,,,,tjonsek@gmail.com,Melly Mentor,Tawnya Lee,14.02,3,21,8/4/2026,,8/1/2026,,,8/1/2026,Round Rock,Registered,25,FALSE,FALSE,8/17/2026,,,,,2026-08-17T15:52:11.000Z,"Hello Justin,  Congrats on project approval! In case you've misplaced the links from my welcome email, I thought I'd send what you need to complete Task 2.If you follow the process, download the template, and use the explanations to understand the level",08/15/2026 (1),1,8/15/2026,Passed,555-555-1374,3,"Bachelor of Science, Information Technology",202207,9/1/2026,4,8/31/2026,AS,,,,,,,,,,,,,13,Yes,84.00%,3/1/2026,Not Opted In,CST,96.69%,1,
,BSIT,C769,4,000000142,Low,Test Student,Task 2 Support,3/2/2026,8/31/2026,2026-08-10T20:58:00.000Z,8/31/2026,2026-06-08 (1),,,,,,tjonsek@gmail.com,Melly Mentor,Tawnya Lee,7.75,9,0,8/10/2026,,3/2/2026,,,3/2/2026,KING,Registered,12,FALSE,FALSE,8/18/2026,,,,,2026-08-18T12:53:50.000Z,Offered support and encouragement. Reminded ST of communities and resources for the course.,06/08/2026 (1),1,6/8/2026,Passed,555-555-1375,71,"Bachelor of Science, Information Technology",202207,2/28/2027,12,2/28/2026,AS,,,,,,,,,,,,,13,Behind,0.00%,3/1/2026,Opted In,HST,75.16%,1,
,BSCSIA,C769,4,000000143,Med Low,Test Student,Task 2 Support,5/4/2026,10/31/2026,2026-08-10T20:55:54.000Z,10/31/2026,2026-05-16 (1),,,,,,tjonsek@gmail.com,Melly Mentor,Tawnya Lee,7.75,6,0,8/10/2026,,5/4/2026,Amazon Career Choice Program,ACCP,5/4/2026,Wichita,Registered,4,FALSE,FALSE,8/13/2026,,,,,2026-08-13T15:25:15.000Z,Offered support and encouragement. Reminded ST of communities and resources for the course.,05/16/2026 (1),1,5/16/2026,Passed,555-555-1376,94,"Bachelor of Science, Cybersecurity and Information Assurance",202303,11/1/2026,4,10/31/2024,AS,,,,,,,,,,,,,74,Behind,0.00%,5/1/2026,Opted In,CST,88.06%,10,
Brett,BSCSIA,C769,4,000000144,Low,Test Student,Task 2 Support,6/1/2026,8/31/2026,2026-08-10T20:58:49.000Z,11/30/2026,2026-07-27 (1),,,,,,tjonsek@gmail.com,Melly Mentor,Tawnya Lee,7.75,8,0,8/10/2026,,6/1/2026,,,6/1/2026,Bowie,Registered,8,FALSE,FALSE,8/14/2026,,,,,2026-08-11T16:17:44.000Z,Offered support and encouragement. Reminded ST of communities and resources for the course.,07/27/2026 (1),1,7/27/2026,Passed,555-555-1377,22,"Bachelor of Science, Cybersecurity and Information Assurance",202303,12/1/2026,8,7/31/2026,AS,,,,,,,,,,,,,104,Behind,0.00%,6/1/2026,Opted In,CST,72.15%,14,
,BSDA,D502,1,000000145,Low,Test Student,Task 2 Support- Possible FERPA issue,4/22/2026,8/31/2026,2026-08-11T20:46:12.000Z,9/30/2026,2026-04-15 (2),2026-04-30 (1),,,,,tjonsek@gmail.com,Melly Mentor,Tawnya Lee,6.76,2,0,8/11/2026,,4/23/2026,,,4/23/2026,Red Lion,Registered,8,FALSE,FALSE,8/8/2026,,,,,2026-08-12T21:30:52.000Z,FLUP on outreach for locked task. Offered encouragement and support. Requested contact.,04/30/2026 (1),1,4/30/2026,Evaluation Started,555-555-1378,110,"Bachelor of Science, Data Analytics",202309,10/1/2026,8,9/30/2026,AS,,,,,,,,,,,,,43,Behind,0.00%,4/1/2026,Not Opted In,EST,87.69%,6,
,BSDA,D502,1,000000146,Low,Test Student,Task 3 Support,4/10/2026,8/31/2026,2026-08-10T20:46:21.000Z,8/31/2026,2026-08-09 (1),2026-08-18 (1),,,,,tjonsek@gmail.com,Melly Mentor,Tawnya Lee,7.76,8,2,8/10/2026,,4/10/2026,,,4/10/2026,PAONIA,Registered,8,FALSE,FALSE,8/18/2026,,,,,2026-08-10T14:43:18.000Z,"Congrats on project approval! Next step - do your analysis first! Once you complete your analysis, write task 2. Remember to use future tense and write as if you have not started the work. While this is backwards, it will make the process easier.  The Ta",08/18/2026 (1),1,8/18/2026,Passed,555-555-1379,0,"Bachelor of Science, Data Analytics",202309,2/28/2027,6,8/31/2026,AS,,,,,,,,,,,,,13,Behind,25.00%,3/1/2026,Not Opted In,MST,95.08%,1,
,BSDA,D502,1,000000147,Low,Test Student,Task 3 Support,6/1/2026,8/29/2026,2026-08-10T19:55:01.000Z,11/30/2026,2026-03-31 (1),2026-06-01 (1),,,,,tjonsek@gmail.com,Melly Mentor,Tawnya Lee,7.79,7,0,8/10/2026,,6/1/2026,,,6/1/2026,Alanson,Registered,10,FALSE,FALSE,8/6/2026,,,,,2026-08-06T12:41:10.000Z,"I thought I'd check in and see how things are going. In case you misplaced it, here's a link for the D502 SharePoint site. It has templates, guidance, and sample papers to help you feel confident in completing each task. Don't forget about the live webina",06/01/2026 (1),1,6/1/2026,Passed,555-555-1380,78,"Bachelor of Science, Data Analytics",202309,12/1/2026,10,,AS,,,,,,,,,,,,,104,Behind,0.00%,6/1/2026,Opted In,EST,78.95%,14,
,BSDA,D502,1,000000148,Low,Test Student,Task 3 Support,6/1/2026,6/30/2026,2026-08-10T19:55:30.000Z,8/31/2026,2026-06-07 (1),2026-06-15 (1),,,,,tjonsek@gmail.com,Melly Mentor,Tawnya Lee,7.79,8,5,8/10/2026,,5/15/2026,,,5/15/2026,Port St Lucie,Registered,13,FALSE,FALSE,8/10/2026,,,,,2026-08-13T16:59:47.000Z,"I thought I'd check in and see how things are going. In case you misplaced it, here's a link for the D502 SharePoint site. It has templates, guidance, and sample papers to help you feel confident in completing each task. Don't forget about the live webina",06/15/2026 (1),1,6/15/2026,Passed,555-555-1381,64,"Bachelor of Science, Data Analytics",202309,9/1/2026,8,8/31/2026,AS,,,,,,,,,,,,,13,Behind,38.46%,3/1/2026,Opted In,CST,76.28%,1,
Zachary,BSSWE,D424,1,000000149,High,Test Student,Task 3 Support,8/16/2026,9/16/2026,2026-08-12T19:51:31.000Z,9/30/2026,2026-07-29 (1),2026-08-11 (1),2026-08-18 (0),,,,tjonsek@gmail.com,Melly Mentor,Tawnya Lee,5.8,6,39,8/12/2026,,7/15/2026,,,7/15/2026,Lake Tapps,Registered,43,FALSE,FALSE,8/18/2026,,,,,2026-08-06T10:47:36.000Z,"Hello Zachary, Congrats on passing Task 2! Task 3 is where the bulk of the work happens. Make sure you read the Task 3 Resource before you get started. Consult it each step of the way. The most common reason student's need revisions is they don't include ",08/18/2026 (0),0,8/18/2026,Evaluation Started,555-555-1382,0,"Bachelor of Science, Software Engineering",202303,10/1/2026,4,,AS,,,,,,,,,,,,,43,Yes,90.70%,4/1/2026,Opted In,PST,83.94%,6,
,BSSWE_C,D424,1,000000150,High,Test Student,Task 3 Support,9/1/2026,9/30/2026,2026-08-05T15:20:37.000Z,9/30/2026,2026-07-27 (1),2026-08-04 (1),,,,,tjonsek@gmail.com,Melly Mentor,Tawnya Lee,12.98,2,25,8/5/2026,,7/27/2026,,,7/27/2026,Orlando,Registered,29,FALSE,FALSE,8/13/2026,,,,,2026-08-12T12:40:48.000Z,"Hello Samuel, Congrats on passing Task 2 yesterday! Task 3 is where the bulk of the work happens. Make sure you read the Task 3 Resource before you get started. Consult it each step of the way. The most common reason student's need revisions is they don't",08/04/2026 (1),1,8/4/2026,Passed,555-555-1383,14,"Bachelor of Science, Software Engineering",202303,10/1/2026,4,8/31/2026,AS,,,,,,,,,,,,,43,Yes,86.21%,4/1/2026,Opted In,EST,93.65%,6,
Vanessa,BSSWE,D424,1,000000151,High,Test Student,Task 3 Support,7/11/2026,9/30/2026,2026-08-04T22:21:40.000Z,12/31/2026,2026-07-13 (1),2026-07-14 (1),,,,,tjonsek@gmail.com,Melly Mentor,Tawnya Lee,13.69,10,3,8/4/2026,,7/11/2026,,,7/11/2026,SALINAS,Registered,7,FALSE,FALSE,8/10/2026,,,,,2026-08-10T20:41:36.000Z,"Hello Vanessa,  So far, you're doing well in capstone.  I wanted to see how task 3 is going. Be sure to read the Task 3 Resource. The most common reason students need revisions is they don't include all required elements. Please review the checklist inc",07/14/2026 (1),1,7/14/2026,Passed,555-555-1384,35,"Bachelor of Science, Software Engineering",202303,1/1/2027,4,5/31/2026,AS,,,,,,,,,,,,,135,Behind,42.86%,7/1/2026,Opted In,PST,67.23%,19,
,BSSWE,D424,1,000000152,High,Test Student,Task 3 Support,7/15/2026,7/24/2026,2026-08-17T22:04:57.000Z,1/31/2027,2026-07-19 (1),2026-07-27 (1),2026-07-18 (0),,,,tjonsek@gmail.com,Melly Mentor,Tawnya Lee,0.7,4,0,8/17/2026,,7/16/2026,,,7/16/2026,Columbia,Planned,0,FALSE,FALSE,8/10/2026,,,,,2026-08-17T23:37:18.000Z,"
 How is task 2 progressing? Do you have any questions for me? 
 In case you've misplaced the links I've previously sent, I thought I'd send what you need to complete Task 2. 
 If you need support, let me know. Im happy to do draft reviews of the written",07/27/2026 (1),1,7/27/2026,Passed,555-555-1385,22,"Bachelor of Science, Software Engineering",202303,2/1/2027,0,7/31/2026,AS,,,,,,,,,,,,,166,Behind,0.00%,8/1/2026,Opted In,MST,96.64%,-2,
,BSSWE,D424,1,000000153,High,Test Student,Task 3 Support,7/16/2026,7/31/2026,2026-08-13T13:34:02.000Z,1/31/2027,2026-07-29 (1),2026-08-12 (1),,,,,tjonsek@gmail.com,Melly Mentor,Tawnya Lee,5.06,6,0,8/13/2026,,7/16/2026,,,7/16/2026,DALLAS,Planned,0,FALSE,FALSE,8/14/2026,,,,,2026-08-14T14:58:49.000Z,"Hello Dylan, Congrats on passing Task 2! Task 3 is where the bulk of the work happens. Make sure you read the Task 3 Resource before you get started. Consult it each step of the way. The most common reason student's need revisions is they don't include al",08/12/2026 (1),1,8/12/2026,Passed,555-555-1386,6,"Bachelor of Science, Software Engineering",202303,2/1/2027,0,7/31/2027,AS,,,,,,,,,,,,,166,Behind,0.00%,8/1/2026,Opted In,CST,83.33%,-2,
,BSSWE_C,D424,1,000000154,High,Test Student,Task 3 Support,7/17/2026,7/31/2026,2026-08-16T18:41:56.000Z,1/31/2027,2026-07-15 (1),2026-07-22 (1),2026-08-17 (0),,,,tjonsek@gmail.com,Melly Mentor,Tawnya Lee,1.84,5,0,8/16/2026,,7/7/2026,,,7/7/2026,Pikeville,Planned,0,FALSE,TRUE,8/17/2026,,,,,2026-08-12T15:45:21.000Z,I am not an azure expert. I searched and found the following:  the auto-pause delay control is hidden in the portal; Microsoft's own guidance confirms you have to turn off Free Database Offer to unlock that setting. The free tier includes 100,"000 vCor""",08/17/2026 (0),0,8/17/2026,555-555-1387,,,"Bachelor of Science, Software Engineering",202303,,,7/31/2027,AS,,,,,,,,,,,,,166,-9.29%,0.00%,8/1/2026,Opted In,115,96.64%,-2
,BSSWE,D424,1,000000155,High,Test Student,Task 3 Support,7/22/2026,8/31/2026,2026-08-10T20:39:10.000Z,8/31/2026,2026-07-26 (1),2026-08-09 (1),2026-08-17 (0),,,,tjonsek@gmail.com,Melly Mentor,Tawnya Lee,7.76,5,14,8/10/2026,,7/23/2026,,,7/23/2026,Idaho Falls,Registered,18,FALSE,TRUE,8/17/2026,,,,,2026-08-18T14:36:40.000Z,"Hello Samuel, Congrats on passing Task 2! Task 3 is where the bulk of the work happens. Make sure you read the Task 3 Resource before you get started. Consult it each step of the way. The most common reason student's need revisions is they don't include a",08/17/2026 (0),0,8/17/2026,Task Submitted,555-555-1388,1,"Bachelor of Science, Software Engineering",202303,9/1/2026,4,8/31/2026,AS,,,,,,,,,,,,,13,Yes,77.78%,3/1/2026,Not Opted In,MST,96.64%,1,
,BSSWE_C,D424,1,000000156,High,Test Student,Task 3 Support,7/27/2026,8/31/2026,2026-08-10T20:39:46.000Z,8/31/2026,2026-08-01 (1),2026-08-07 (1),,,,,tjonsek@gmail.com,Melly Mentor,Tawnya Lee,7.76,7,15,8/10/2026,,7/27/2026,,,7/27/2026,Lavon,Registered,19,FALSE,FALSE,8/7/2026,,,,,2026-08-11T18:31:59.000Z,"Hello Eric, Congrats on passing Task 2! Task 3 is where the bulk of the work happens. Make sure you read the Task 3 Resource before you get started. Consult it each step of the way. The most common reason student's need revisions is they don't include all",08/07/2026 (1),1,8/7/2026,Passed,555-555-1389,11,"Bachelor of Science, Software Engineering",202303,9/1/2026,4,9/30/2026,AS,,,,,,,,,,,,,13,Yes,78.95%,3/1/2026,Opted In,CST,82.05%,1,
,BSSWE,D424,1,000000157,High,Test Student,Task 3 Support,8/1/2026,8/31/2026,2026-08-11T22:07:57.000Z,9/30/2026,2026-08-07 (1),2026-08-10 (1),,,,,tjonsek@gmail.com,Melly Mentor,Tawnya Lee,6.7,6,9,8/11/2026,,6/24/2026,,,6/24/2026,Birmingham,Registered,13,FALSE,FALSE,8/11/2026,,,,,2026-08-12T02:01:08.000Z,"Hello Jacob, Congrats on passing Task 2! Task 3 is where the bulk of the work happens. Make sure you read the Task 3 Resource before you get started. Consult it each step of the way. The most common reason student's need revisions is they don't include al",08/10/2026 (1),1,8/10/2026,Passed,555-555-1390,8,"Bachelor of Science, Software Engineering",202303,3/31/2027,4,7/31/2026,AS,,,,,,,,,,,,,43,Behind,69.23%,4/1/2026,Opted In,CST,91.53%,6,
,BSSWE,D424,1,000000158,High,Test Student,Task 3 Support,8/1/2026,9/18/2026,2026-08-17T22:22:28.000Z,10/31/2026,2026-07-12 (2),2026-07-28 (1),,,,,tjonsek@gmail.com,Melly Mentor,Tawnya Lee,0.69,5,6,8/17/2026,,6/30/2026,,,6/30/2026,Spring Hill,Registered,10,FALSE,FALSE,8/8/2026,,,,,2026-08-17T14:40:41.000Z,Offered support and encouragement. Reminded ST of communities and resources for the course.,07/28/2026 (1),1,7/28/2026,Passed,555-555-1391,21,"Bachelor of Science, Software Engineering",202303,11/1/2026,4,10/31/2026,AS,,,,,,,,,,,,,74,Behind,60.00%,5/1/2026,Opted In,EST,96.64%,10,
,BSSWE,D424,1,000000159,Med,Test Student,Task 3 Support,8/1/2026,9/25/2026,2026-08-10T20:40:36.000Z,9/30/2026,2026-07-20 (1),2026-08-09 (1),,,,,tjonsek@gmail.com,Melly Mentor,Tawnya Lee,7.76,6,6,8/10/2026,,7/15/2026,,,7/15/2026,Grandview,Registered,14,FALSE,FALSE,8/10/2026,,,,,2026-08-03T17:12:48.000Z,"Hello Juan, Congrats on passing Task 2! Task 3 is where the bulk of the work happens. Make sure you read the Task 3 Resource before you get started. Consult it each step of the way. The most common reason student's need revisions is they don't include all",08/09/2026 (1),1,8/9/2026,Passed,555-555-1392,9,"Bachelor of Science, Software Engineering",202303,10/1/2026,8,8/31/2026,AS,,,,,,,,,,,,,43,Behind,42.86%,4/1/2026,Opted In,PST,83.46%,6,
Matthew,BSSWE,D424,1,000000160,High,Test Student,Task 3 Support,8/1/2026,8/31/2026,2026-08-04T14:30:05.000Z,8/31/2026,2026-07-28 (1),2026-08-03 (1),,,,,tjonsek@gmail.com,Melly Mentor,Tawnya Lee,14.02,4,24,8/4/2026,,7/23/2026,,,7/23/2026,LOMPOC,Planned,28,FALSE,FALSE,8/14/2026,,,,,2026-08-16T04:12:13.000Z,"Hello Matthew, Congrats on passing Task 2 yesterday! Task 3 is where the bulk of the work happens. Make sure you read the Task 3 Resource before you get started. Consult it each step of the way. The most common reason student's need revisions is they don'",08/03/2026 (1),1,8/3/2026,Passed,555-555-1393,15,"Bachelor of Science, Software Engineering",202303,9/1/2026,4,,AS,,,,,,,,,,,,,13,Yes,85.71%,3/1/2026,Opted In,PST,96.64%,1,
Anna,BSSWE,D424,1,000000161,Med High,Test Student,Task 3 Support,8/1/2026,8/31/2026,2026-08-11T20:00:31.000Z,8/31/2026,2026-07-27 (1),2026-08-01 (1),,,,,tjonsek@gmail.com,Melly Mentor,Tawnya Lee,6.79,9,10,8/11/2026,,7/23/2026,,,7/23/2026,Linthicum Heights,Registered,14,FALSE,FALSE,8/14/2026,,,,,2026-08-14T16:40:34.000Z,No  thats wording written by someone who only marginally understood what they were doing. There is no minimum per se on how many times you need to commit/push. I recommend at least doing it 4-5 times. Comments are always good. Pushing comments will coun,08/01/2026 (1),1,8/1/2026,Passed,555-555-1394,17,"Bachelor of Science, Software Engineering",202303,9/1/2026,4,8/31/2026,AS,,,,,,,,,,,,,13,Behind,71.43%,3/1/2026,Opted In,EST,73.46%,1,
,BSSWE,D424,1,000000162,Med High,Test Student,Task 3 Support,8/1/2026,8/31/2026,2026-08-11T22:07:21.000Z,8/31/2026,2026-07-29 (1),2026-08-10 (2),,,,,tjonsek@gmail.com,Melly Mentor,Tawnya Lee,6.7,7,9,8/11/2026,,7/26/2026,,,7/26/2026,CROSBY,Registered,13,FALSE,FALSE,8/17/2026,,,,,2026-08-11T18:27:14.000Z,"Hello Matthew, Congrats on passing Task 2! Task 3 is where the bulk of the work happens. Make sure you read the Task 3 Resource before you get started. Consult it each step of the way. The most common reason student's need revisions is they don't include ",08/10/2026 (2),2,8/10/2026,Passed,555-555-1395,8,"Bachelor of Science, Software Engineering",202303,2/28/2027,4,8/31/2026,AS,,,,,,,,,,,,,13,Behind,69.23%,3/1/2026,Opted In,EST,94.26%,1,
Aidan,BSSWE_C,D424,1,000000163,Med Low,Test Student,Task 3 Support,8/3/2026,8/22/2026,2026-08-11T22:09:07.000Z,1/31/2027,2026-07-27 (1),2026-08-10 (2),,,,,tjonsek@gmail.com,Melly Mentor,Tawnya Lee,6.7,6,0,8/11/2026,,8/4/2026,,,8/4/2026,Port Orchard,Registered,4,FALSE,FALSE,8/10/2026,,,,,2026-08-06T16:14:42.000Z,"Hello Aidan, Congrats on passing Task 2! Task 3 is where the bulk of the work happens. Make sure you read the Task 3 Resource before you get started. Consult it each step of the way. The most common reason student's need revisions is they don't include al",08/10/2026 (2),2,8/10/2026,Passed,555-555-1396,8,"Bachelor of Science, Software Engineering",202303,2/1/2027,4,8/31/2026,AS,,,,,,,,,,,,,166,Behind,0.00%,8/1/2026,Opted In,PST,89.15%,23,
,BSSWE,D424,1,000000164,High,Test Student,Task 3 Support,8/9/2026,9/30/2026,2026-08-18T14:48:01.000Z,9/30/2026,2026-08-10 (1),2026-08-17 (1),,,,,tjonsek@gmail.com,Melly Mentor,Tawnya Lee,0.01,1,48,8/18/2026,,8/9/2026,,,8/9/2026,Union,Registered,55,FALSE,TRUE,8/17/2026,,,,,2026-08-10T04:34:58.000Z,"Hello Carlos, Congrats on passing Task 2! Task 3 is where the bulk of the work happens. Make sure you read the Task 3 Resource before you get started. Consult it each step of the way. The most common reason student's need revisions is they don't include a",08/17/2026 (1),1,8/17/2026,Passed,555-555-1397,1,"Bachelor of Science, Software Engineering",202303,10/1/2026,7,,AS,,,,,,,,,,,,,43,Yes,87.27%,4/1/2026,Opted In,EST,94.12%,6,
,BSSWE,D424,1,000000165,High,Test Student,Task 3 Support,8/11/2026,10/31/2026,2026-08-17T17:40:40.000Z,12/31/2026,2026-08-12 (1),2026-08-13 (1),,,,,tjonsek@gmail.com,Melly Mentor,Tawnya Lee,0.89,1,112,8/17/2026,,8/11/2026,,,8/11/2026,Wayne,Registered,116,FALSE,FALSE,8/17/2026,,,,,2026-08-14T15:05:19.000Z,"No  focus on the most important relationships for your app.     Tawnya Lee, (She/Her/Hers), M.S., M.Ed. Instructor School of Technology | Capstone | Leadership | Telecom  Office Hours Sun 8-2:30 P M",08/13/2026 (1),1,8/13/2026,Passed,555-555-1398,5,"Bachelor of Science, Software Engineering",202303,1/1/2027,4,12/31/2026,AS,,,,,,,,,,,,,135,Yes,96.55%,7/1/2026,Opted In,EST,96.64%,19,
,BSSWE,D424,1,000000166,High,Test Student,Task 3 Support,8/13/2026,8/31/2026,2026-08-18T14:28:23.000Z,8/31/2026,2026-08-16 (1),2026-08-18 (1),,,,,tjonsek@gmail.com,Melly Mentor,Tawnya Lee,0.02,4,30,8/18/2026,,8/9/2026,,,8/9/2026,Folcroft,Registered,34,FALSE,FALSE,8/18/2026,,,,,2026-08-12T20:02:20.000Z,"I dont know the requirements for using itch.io (testing, fees to use, etc.). It seems to work like a mobile app store and that makes it an option. The easiest option is this option: Using Git Pages.  The only restriction for hosting is it cant be in so",08/18/2026 (1),1,8/18/2026,Passed,555-555-1399,0,"Bachelor of Science, Software Engineering",202303,9/1/2026,4,9/30/2026,AS,,,,,,,,,,,,,13,Yes,88.24%,3/1/2026,Opted In,EST,96.64%,1,
Loki,BSSWE,D424,1,000000167,Low,Test Student,Task 3 Support,3/2/2026,8/31/2026,2026-08-16T16:54:53.000Z,8/31/2026,2026-03-28 (1),2026-04-01 (1),,,,,tjonsek@gmail.com,Melly Mentor,Tawnya Lee,1.92,9,0,8/16/2026,,3/2/2026,,,3/2/2026,Portland,Registered,12,FALSE,FALSE,8/7/2026,,,,,2026-08-11T20:03:37.000Z,Reminded ST of the resources and support available for task 3. Offered support and requested an update on progress.,04/01/2026 (1),1,4/1/2026,Passed,555-555-1400,139,"Bachelor of Science, Software Engineering",202303,9/1/2026,12,3/31/2026,AS,,,,,,,,,,,,,13,Behind,0.00%,3/1/2026,Opted In,PST,69.57%,1,
,BSSWE,D424,1,000000168,Med Low,Test Student,Task 3 Support,3/5/2026,8/31/2026,2026-08-16T18:44:21.000Z,8/31/2026,2026-02-25 (1),2026-04-28 (2),2026-06-23 (2),,,,tjonsek@gmail.com,Melly Mentor,Tawnya Lee,1.84,6,0,8/16/2026,,3/5/2026,,,3/5/2026,miami,Registered,8,FALSE,FALSE,8/17/2026,,,,,2026-08-17T12:21:22.000Z,Offered support and encouragement. Reminded ST of communities and resources for the course.,06/23/2026 (2),2,6/23/2026,Passed,555-555-1401,56,"Bachelor of Science, Software Engineering",202303,9/1/2026,8,6/30/2026,AS,,,,,,,,,,,,,13,Behind,0.00%,3/1/2026,Opted In,EST,75.51%,1,
John,BSSWE,D424,1,000000169,Med High,Test Student,Task 3 Support,3/23/2026,5/1/2026,2026-08-17T15:16:27.000Z,8/31/2026,2026-06-25 (1),2026-07-02 (1),2026-07-27 (1),,,,tjonsek@gmail.com,Melly Mentor,Tawnya Lee,0.99,6,3,8/17/2026,,6/25/2026,,,6/25/2026,West Milton,Registered,7,FALSE,FALSE,8/18/2026,,,,,2026-08-14T14:06:55.000Z,"Its good that you added a single screenshot of unit test code. However, because the requirements say unit test scripts instead of unit test script, you need to include at least two examples of unit test code. The test plan is all about the unit testi",07/27/2026 (1),1,7/27/2026,Revisions Needed,555-555-1402,22,"Bachelor of Science, Software Engineering",202303,9/1/2026,4,8/31/2026,AS,,,,,,,,,,,,,13,Behind,42.86%,3/1/2026,Opted In,EST,85.19%,1,
,BSSWE,D424,1,000000170,Med,Test Student,Task 3 Support,5/1/2026,5/31/2026,2026-08-12T19:52:04.000Z,8/31/2026,2026-07-16 (1),2026-08-11 (1),,,,,tjonsek@gmail.com,Melly Mentor,Tawnya Lee,5.79,12,6,8/12/2026,,6/30/2026,,,6/30/2026,Spokane,Registered,10,FALSE,FALSE,8/11/2026,,,,,2026-08-09T04:35:48.000Z,"Hello Aaron, Congrats on passing Task 2! Task 3 is where the bulk of the work happens. Make sure you read the Task 3 Resource before you get started. Consult it each step of the way. The most common reason student's need revisions is they don't include al",08/11/2026 (1),1,8/11/2026,Passed,555-555-1403,7,"Bachelor of Science, Software Engineering",202303,9/1/2026,4,7/31/2026,AS,,,,,,,,,,,,,13,Behind,60.00%,3/1/2026,Opted In,PST,58.82%,1,
,BSSWE,D424,1,000000171,Med,Test Student,Task 3 Support,5/4/2026,6/30/2026,2026-08-17T22:18:36.000Z,10/31/2026,2026-05-26 (1),2026-06-22 (1),,,,,tjonsek@gmail.com,Melly Mentor,Tawnya Lee,0.69,8,0,8/17/2026,,5/4/2026,,,5/4/2026,New Port Richey,Registered,4,FALSE,FALSE,8/14/2026,,,,,2026-08-09T11:51:41.000Z,Offered support and encouragement. Reminded ST of communities and resources for the course.,06/22/2026 (1),1,6/22/2026,Passed,555-555-1404,57,"Bachelor of Science, Software Engineering",202303,11/1/2026,4,10/31/2026,AS,,,,,,,,,,,,,74,Behind,0.00%,5/1/2026,Not Opted In,EST,96.77%,10,
Gavin,BSSWE,D424,1,000000172,Med High,Test Student,Task 3 Support,5/4/2026,9/30/2026,2026-08-13T13:34:40.000Z,9/30/2026,2026-07-26 (1),2026-08-12 (1),,,,,tjonsek@gmail.com,Melly Mentor,Tawnya Lee,5.06,6,3,8/13/2026,,5/4/2026,,,5/4/2026,VAIL,Registered,7,FALSE,FALSE,8/12/2026,,,,,2026-08-06T00:01:01.000Z,"Hello Gavin, Congrats on passing Task 2! Task 3 is where the bulk of the work happens. Make sure you read the Task 3 Resource before you get started. Consult it each step of the way. The most common reason student's need revisions is they don't include al",08/12/2026 (1),1,8/12/2026,Passed,555-555-1405,6,"Bachelor of Science, Software Engineering",202303,10/1/2026,4,3/31/2026,AS,,,,,,,,,,,,,43,Behind,42.86%,4/1/2026,Not Opted In,CST,94.26%,6,
,BSSWE,D424,1,000000173,Med High,Test Student,Task 3 Support,5/4/2026,7/31/2026,2026-08-05T15:25:02.000Z,8/31/2026,2026-07-09 (1),2026-08-04 (1),,,,,tjonsek@gmail.com,Melly Mentor,Tawnya Lee,12.98,7,9,8/5/2026,,5/4/2026,,,5/4/2026,Chesapeake,Registered,13,FALSE,FALSE,8/17/2026,,,,,2026-08-17T13:59:33.000Z,"Hello Enrique, Congrats on passing Task 2 yesterday! Task 3 is where the bulk of the work happens. Make sure you read the Task 3 Resource before you get started. Consult it each step of the way. The most common reason student's need revisions is they don'",08/04/2026 (1),1,8/4/2026,Passed,555-555-1406,14,"Bachelor of Science, Software Engineering",202303,9/1/2026,4,8/31/2026,AS,,,,,,,,,,,,,13,Behind,69.23%,3/1/2026,Opted In,EST,96.64%,1,
,BSSWE,D424,1,000000174,Med High,Test Student,Task 3 Support,5/4/2026,8/25/2026,2026-08-10T22:18:35.000Z,8/31/2026,2026-05-19 (2),2026-07-01 (1),,,,,tjonsek@gmail.com,Melly Mentor,Tawnya Lee,7.69,10,3,8/10/2026,,5/4/2026,,,5/4/2026,El Dorado,Registered,7,FALSE,FALSE,8/16/2026,,,,,2026-08-10T23:24:26.000Z,"Hello Levi, It looks like youve been making great progress in the class so far. How is task 3 progressing? Do you have any questions for me?  In case you've misplaced the links I've previously sent, I thought I'd send what you need to complete Task 3.T",07/01/2026 (1),1,7/1/2026,Passed,555-555-1407,48,"Bachelor of Science, Software Engineering",202303,9/1/2026,4,,AS,,,,,,,,,,,,,13,Behind,42.86%,3/1/2026,Opted In,CST,71.43%,1,
,BSSWE_C,D424,1,000000175,Med Low,Test Student,Task 3 Support,5/6/2026,6/16/2026,2026-08-10T22:47:01.000Z,10/31/2026,2026-05-26 (1),2026-06-10 (1),,,,,tjonsek@gmail.com,Melly Mentor,Tawnya Lee,7.67,4,0,8/10/2026,,5/7/2026,,,5/7/2026,Richmond,Registered,4,FALSE,FALSE,8/10/2026,,,,,2026-08-10T18:45:22.000Z,"Hello Daniel, It looks like youve been making great progress in the class so far. How is task 3 progressing? Do you have any questions for me?  In case you've misplaced the links I've previously sent, I thought I'd send what you need to complete Task 3.",06/10/2026 (1),1,6/10/2026,Passed,555-555-1408,69,"Bachelor of Science, Software Engineering",202303,11/1/2026,4,8/31/2026,AS,,,,,,,,,,,,,74,Behind,0.00%,5/1/2026,Opted In,EST,96.64%,10,
,BSSWE,D424,1,000000176,Med Low,Test Student,Task 3 Support,5/10/2026,6/14/2026,2026-08-10T15:22:02.000Z,8/31/2026,2026-07-07 (2),2026-07-28 (2),,,,,tjonsek@gmail.com,Melly Mentor,Tawnya Lee,7.98,9,3,8/10/2026,,5/26/2026,B4 Women in Tech,B4WT,5/26/2026,Hemet,Registered,10,FALSE,FALSE,8/17/2026,,,,,2026-08-17T15:19:37.000Z,"You dont need to worry. Changing the database isnt significant enough of a change to need a new form or task 2. Youre good to go ahead with the necessary change. 
    Tawnya Lee, (She/Her/Hers), M.S",07/28/2026 (2),2,7/28/2026,Passed,555-555-1409,21,"Bachelor of Science, Software Engineering",202303,9/1/2026,7,8/31/2025,AS,,,,,,,,,,,,,13,Behind,30.00%,3/1/2026,Not Opted In,PST,65.00%,1,
Nat,BSSWE,D424,1,000000177,Med,Test Student,Task 3 Support,6/1/2026,10/31/2026,2026-08-17T22:19:48.000Z,10/31/2026,2026-04-25 (1),2026-05-04 (1),,,,,tjonsek@gmail.com,Melly Mentor,Tawnya Lee,0.69,5,0,8/17/2026,,7/8/2026,,,7/8/2026,OLYMPIA,Registered,4,FALSE,FALSE,8/17/2026,,,,,2026-08-17T21:42:50.000Z,Offered support and encouragement. Reminded ST of communities and resources for the course.,05/04/2026 (1),1,5/4/2026,Passed,555-555-1410,106,"Bachelor of Science, Software Engineering",202303,11/1/2026,4,5/31/2026,AS,,,,,,,,,,,,,74,Behind,0.00%,5/1/2026,Opted In,CST,93.50%,10,
,BSSWE,D424,1,000000178,High,Test Student,Task 3 Support,6/1/2026,6/30/2026,2026-08-17T22:19:14.000Z,1/31/2027,2026-07-23 (1),2026-07-28 (1),,,,,tjonsek@gmail.com,Melly Mentor,Tawnya Lee,0.69,6,0,8/17/2026,,7/5/2026,,,7/5/2026,ROSHARON,Planned,0,FALSE,FALSE,8/17/2026,,,,,2026-08-17T14:05:45.000Z,Offered support and encouragement. Reminded ST of communities and resources for the course.,07/28/2026 (1),1,7/28/2026,Passed,555-555-1411,21,"Bachelor of Science, Software Engineering",202303,2/1/2027,0,7/31/2026,AS,,,,,,,,,,,,,166,Behind,0.00%,8/1/2026,Opted In,CST,96.64%,-2,
John,BSSWE,D424,1,000000179,Med High,Test Student,Task 3 Support,6/1/2026,7/1/2026,2026-08-10T22:19:18.000Z,9/30/2026,2026-05-15 (1),2026-05-22 (1),,,,,tjonsek@gmail.com,Melly Mentor,Tawnya Lee,7.69,5,12,8/10/2026,,5/11/2026,,,5/11/2026,Statesville,Registered,20,FALSE,FALSE,8/11/2026,,,,,2026-08-06T17:53:09.000Z,"Hello John, It looks like youve been making great progress in the class so far. How is task 3 progressing? Do you have any questions for me?  In case you've misplaced the links I've previously sent, I thought I'd send what you need to complete Task 3.T",05/22/2026 (1),1,5/22/2026,Passed,555-555-1412,88,"Bachelor of Science, Software Engineering",202303,3/31/2027,8,,AS,,,,,,,,,,,,,43,Yes,60.00%,4/1/2026,Opted In,HST,85.40%,6,
,BSSWE,D424,1,000000180,Med High,Test Student,Task 3 Support,6/3/2026,8/14/2026,2026-08-11T22:10:49.000Z,11/30/2026,2026-06-11 (1),2026-07-21 (1),,,,,tjonsek@gmail.com,Melly Mentor,Tawnya Lee,6.7,7,0,8/11/2026,,6/3/2026,,,6/3/2026,Manor,Registered,4,FALSE,FALSE,8/15/2026,,,,,2026-08-12T22:53:41.000Z,"Sounds good. Before you do the documentation, I suggest you host it first. There are some aspects that are impossible to write if you dont know the link to your hosted app. 
    Tawnya Lee, (She/Her/H",07/21/2026 (1),1,7/21/2026,Passed,555-555-1413,28,"Bachelor of Science, Software Engineering",202303,12/1/2026,4,3/31/2025,AS,,,,,,,,,,,,,104,Behind,0.00%,6/1/2026,Not Opted In,CST,86.47%,14,
Andrew,BSSWE,D424,1,000000181,High,Test Student,Task 3 Support,6/5/2026,7/31/2026,2026-08-11T22:06:42.000Z,9/30/2026,2026-07-09 (1),2026-08-10 (1),,,,,tjonsek@gmail.com,Melly Mentor,Tawnya Lee,6.7,2,26,8/11/2026,,6/5/2026,,,6/5/2026,Sugar Land,Registered,30,FALSE,FALSE,8/10/2026,,,,,2026-08-16T04:40:19.000Z,"Hello Andrew, Congrats on passing Task 2! Task 3 is where the bulk of the work happens. Make sure you read the Task 3 Resource before you get started. Consult it each step of the way. The most common reason student's need revisions is they don't include a",08/10/2026 (1),1,8/10/2026,Passed,555-555-1414,8,"Bachelor of Science, Software Engineering",202303,10/1/2026,4,9/30/2026,AS,,,,,,,,,,,,,43,Yes,86.67%,4/1/2026,Opted In,PST,96.64%,6,
,BSSWE_C,D424,1,000000182,Med,Test Student,Task 3 Support,6/16/2026,6/30/2026,2026-08-18T14:47:22.000Z,9/30/2026,2026-07-27 (1),2026-08-17 (1),,,,,tjonsek@gmail.com,Melly Mentor,Tawnya Lee,0.01,5,7,8/18/2026,,7/19/2026,,,7/19/2026,Riverview,Registered,17,FALSE,TRUE,8/17/2026,,,,,2026-08-15T02:41:53.000Z,"Hello Armoure, Congrats on passing Task 2! Task 3 is where the bulk of the work happens. Make sure you read the Task 3 Resource before you get started. Consult it each step of the way. The most common reason student's need revisions is they don't include ",08/17/2026 (1),1,8/17/2026,Passed,555-555-1415,1,"Bachelor of Science, Software Engineering",202303,10/1/2026,10,9/30/2026,AS,,,,,,,,,,,,,43,Behind,41.18%,4/1/2026,Not Opted In,EST,91.60%,6,
,BSSWE_C,D424,1,000000183,Med High,Test Student,Task 3 Support,6/30/2026,9/30/2026,2026-08-10T22:43:53.000Z,11/30/2026,2026-06-30 (1),2026-07-01 (1),2026-08-18 (0),,,,tjonsek@gmail.com,Melly Mentor,Tawnya Lee,7.68,2,9,8/10/2026,,6/30/2026,,,6/30/2026,Altoona,Registered,29,FALSE,FALSE,8/18/2026,,,,,2026-08-17T16:25:15.000Z,"Hello Maria, It looks like youve been making great progress in the class so far. How is task 3 progressing? Do you have any questions for me?  In case you've misplaced the links I've previously sent, I thought I'd send what you need to complete Task 3.",08/18/2026 (0),0,8/18/2026,Evaluation Started,555-555-1416,0,"Bachelor of Science, Software Engineering",202303,12/1/2026,20,8/31/2026,AS,,,,,,,,,,,,,104,Ahead,31.03%,6/1/2026,Opted In,CST,81.60%,14,
Gean,BSSWE,D424,1,000000184,Med,Test Student,Task 3 Support,7/1/2026,8/31/2026,2026-08-17T20:17:47.000Z,9/30/2026,2026-06-02 (1),2026-06-11 (1),,,,,tjonsek@gmail.com,Melly Mentor,Tawnya Lee,0.78,6,7,8/17/2026,,6/2/2026,,,6/2/2026,SALT LAKE CITY,Registered,15,FALSE,FALSE,8/17/2026,,,,,2026-08-10T18:05:08.000Z,Offered support and encouragement. Reminded ST of communities and resources for the course.,06/11/2026 (1),1,6/11/2026,Passed,555-555-1417,68,"Bachelor of Science, Software Engineering",202303,10/1/2026,8,9/30/2025,AS,,,,,,,,,,,,,43,Behind,46.67%,4/1/2026,Opted In,MST,79.29%,6,
,BSSWE,D424,1,000000185,High,Test Student,Task 3 Support,7/1/2026,7/23/2026,2026-08-17T22:04:31.000Z,1/31/2027,2026-07-02 (1),2026-07-28 (1),2026-08-18 (1),,,,tjonsek@gmail.com,Melly Mentor,Tawnya Lee,0.7,8,0,8/17/2026,,7/1/2026,,,7/1/2026,LOGAN,Planned,0,FALSE,FALSE,8/18/2026,,,,,2026-08-11T01:34:19.000Z,"
 How is task 2 progressing? Do you have any questions for me? 
 In case you've misplaced the links I've previously sent, I thought I'd send what you need to complete Task 2. 
 If you need support, let me know. Im happy to do draft reviews of the written",08/18/2026 (1),1,8/18/2026,Passed,555-555-1418,0,"Bachelor of Science, Software Engineering",202303,2/1/2027,0,11/30/2027,AS,,,,,,,,,,,,,166,Behind,0.00%,8/1/2026,Opted In,MST,96.72%,-2,
,BSCSIA,C769,4,000000186,Low,Test Student,Task 3 Support,7/8/2026,8/21/2026,2026-08-10T20:50:13.000Z,12/31/2026,2026-07-09 (1),2026-08-07 (1),,,,,tjonsek@gmail.com,Melly Mentor,Tawnya Lee,7.75,6,0,8/10/2026,,7/8/2026,,,7/8/2026,FAYETTEVILLE,Registered,12,FALSE,FALSE,8/16/2026,,,,,2026-08-15T15:42:53.000Z,"Hello Deanna, Congrats on passing Task 2! You've finished the majority of the work in Capstone. Much of Task 2 can be reused. To learn what can be reused and for an explanation of what is unique to Task 3, please read this Task 3 breakdown.  If you have ",08/07/2026 (1),1,8/7/2026,Passed,555-555-1419,11,"Bachelor of Science, Cybersecurity and Information Assurance",202303,1/1/2027,12,12/31/2026,AS,,,,,,,,,,,,,135,Behind,0.00%,7/1/2026,Opted In,EST,90.16%,19,
,BSIT,C769,4,000000187,Med Low,Test Student,Task 3 Support,8/2/2026,9/11/2026,2026-08-18T14:55:47.000Z,12/31/2026,2026-08-09 (1),2026-08-17 (1),,,,,tjonsek@gmail.com,Melly Mentor,Tawnya Lee,0,2,4,8/18/2026,,8/2/2026,,,8/2/2026,Spring,Registered,14,FALSE,TRUE,8/17/2026,,,,,2026-08-11T16:37:19.000Z,"Hello Assetou, Congrats on passing Task 2! You've finished the majority of the work in Capstone. Much of Task 2 can be reused. To learn what can be reused and for an explanation of what is unique to Task 3, please read this Task 3 breakdown.  If you have",08/17/2026 (1),1,8/17/2026,Passed,555-555-1420,1,"Bachelor of Science, Information Technology",202207,6/30/2027,10,12/31/2026,AS,,,,,,,,,,,,,135,Ahead,28.57%,7/1/2026,Opted In,CST,88.43%,19,
,BSCSIA,C769,4,000000188,Med Low,Test Student,Task 3 Support,8/3/2026,1/31/2027,2026-08-18T14:55:09.000Z,1/31/2027,2026-08-11 (1),2026-08-17 (2),,,,,tjonsek@gmail.com,Melly Mentor,Tawnya Lee,0,6,0,8/18/2026,,8/3/2026,,,8/3/2026,Cortland,Registered,12,FALSE,TRUE,8/17/2026,,,,,2026-08-14T17:55:51.000Z,"Hello Dalton, Congrats on passing Task 2! You've finished the majority of the work in Capstone. Much of Task 2 can be reused. To learn what can be reused and for an explanation of what is unique to Task 3, please read this Task 3 breakdown.  If you have ",08/17/2026 (2),2,8/17/2026,Passed,555-555-1421,1,"Bachelor of Science, Cybersecurity and Information Assurance",202303,2/1/2027,12,11/30/2026,AS,,,,,,,,,,,,,166,Behind,0.00%,8/1/2026,Opted In,CST,85.94%,23,
,BSCSIA,C769,4,000000189,Low,Test Student,Task 3 Support,5/3/2026,8/27/2026,2026-08-10T20:58:25.000Z,10/31/2026,2026-05-21 (1),2026-06-04 (1),,,,,tjonsek@gmail.com,Melly Mentor,Tawnya Lee,7.75,6,0,8/10/2026,,5/4/2026,B4 Women in Tech,B4WT,5/4/2026,DAVENPORT,Registered,8,FALSE,FALSE,8/13/2026,,,,,2026-08-13T14:25:49.000Z,Offered support and encouragement. Reminded ST of communities and resources for the course.,06/04/2026 (1),1,6/4/2026,Passed,555-555-1422,75,"Bachelor of Science, Cybersecurity and Information Assurance",202303,11/1/2026,8,10/31/2026,AS,,,,,,,,,,,,,74,Behind,0.00%,5/1/2026,Opted In,EST,76.00%,10,
,BSSWE,D424,1,000000190,High,Test Student,Task 4 Support,7/31/2026,9/30/2026,2026-08-18T14:45:57.000Z,12/31/2026,2026-07-24 (1),2026-07-28 (1),2026-08-17 (1),,,,tjonsek@gmail.com,Melly Mentor,Tawnya Lee,0.01,6,15,8/18/2026,,7/22/2026,,,7/22/2026,Columbus,Registered,19,FALSE,TRUE,8/17/2026,,,,,2026-08-18T00:10:19.000Z,"Hello Khalid, Congrats on passing Task 3! Task 4 should be a breeze if you've followed our advice and set up your hosting already. The link below explains what else is required and how to address the questions you'll need to answer. It also contains a che",08/17/2026 (1),1,8/17/2026,Passed,555-555-1423,1,"Bachelor of Science, Software Engineering",202303,1/1/2027,4,6/30/2027,AS,,,,,,,,,,,,,135,Yes,78.95%,7/1/2026,Opted In,EST,82.78%,19,
,BSSWE,D424,1,000000191,High,Test Student,Task 4 Support,8/1/2026,8/31/2026,2026-08-18T14:45:21.000Z,9/30/2026,2026-06-22 (1),2026-07-12 (1),2026-08-17 (1),,,,tjonsek@gmail.com,Melly Mentor,Tawnya Lee,0.01,5,19,8/18/2026,,5/5/2026,,,5/5/2026,Murphy,Registered,23,FALSE,TRUE,8/17/2026,,,,,2026-08-10T23:37:47.000Z,"Hello Sahba, Congrats on passing Task 3! Task 4 should be a breeze if you've followed our advice and set up your hosting already. The link below explains what else is required and how to address the questions you'll need to answer. It also contains a chec",08/17/2026 (1),1,8/17/2026,Passed,555-555-1424,1,"Bachelor of Science, Software Engineering",202303,10/1/2026,4,8/31/2026,AS,,,,,,,,,,,,,43,Yes,82.61%,4/1/2026,Opted In,CST,81.41%,6,
,BSSWE,D424,1,000000192,High,Test Student,Task 4 Support,4/23/2026,7/31/2026,2026-08-18T14:44:28.000Z,1/31/2027,2026-05-04 (1),2026-06-06 (1),2026-08-17 (1),,,,tjonsek@gmail.com,Melly Mentor,Tawnya Lee,0.01,7,0,8/18/2026,,4/23/2026,,,4/23/2026,Calhoun,Planned,0,FALSE,TRUE,8/17/2026,,,,,2026-08-06T20:44:18.000Z,"Hello Julian, Congrats on passing Task 3! Task 4 should be a breeze if you've followed our advice and set up your hosting already. The link below explains what else is required and how to address the questions you'll need to answer. It also contains a che",08/17/2026 (1),1,8/17/2026,Passed,555-555-1425,1,"Bachelor of Science, Software Engineering",202303,2/1/2027,0,7/31/2026,AS,,,,,,,,,,,,,166,Behind,0.00%,8/1/2026,Opted In,EST,87.79%,-2,
,BSSWE,D424,1,000000193,Med High,Test Student,Task 4 Support,6/22/2026,7/31/2026,2026-08-10T22:40:54.000Z,11/30/2026,2026-06-23 (1),2026-06-25 (1),2026-07-17 (1),,,,tjonsek@gmail.com,Melly Mentor,Tawnya Lee,7.68,7,15,8/10/2026,,6/22/2026,,,6/23/2026,Tracy,Registered,19,FALSE,FALSE,8/17/2026,,,,,2026-08-17T21:42:46.000Z,"Hello Udyavir, Congrats on passing Task 3 last month! Task 4 should be a breeze if you've followed our advice and set up your hosting already. The link below explains what else is required and how to address the questions you'll need to answer. It also co",07/17/2026 (1),1,7/17/2026,Passed,555-555-1426,32,"Bachelor of Science, Software Engineering",202303,12/1/2026,4,3/31/2027,AS,,,,,,,,,,,,,104,Yes,78.95%,6/1/2026,Opted In,PST,84.89%,14,
,BSSWE,D424,1,000000194,High,Test Student,Task 4 Support,6/23/2026,7/31/2026,2026-08-10T22:45:14.000Z,9/30/2026,2026-06-30 (1),2026-07-06 (1),2026-07-14 (1),,,,tjonsek@gmail.com,Melly Mentor,Tawnya Lee,7.67,3,22,8/10/2026,,6/27/2026,,,6/27/2026,KOUNTZE,Registered,26,FALSE,FALSE,7/29/2026,,,,,2026-08-12T19:25:38.000Z,"Hello Wesly, Congrats on passing Task 3 last month! Task 4 should be a breeze if you've followed our advice and set up your hosting already. The link below explains what else is required and how to address the questions you'll need to answer. It also cont",07/14/2026 (1),1,7/14/2026,Passed,555-555-1427,35,"Bachelor of Science, Software Engineering",202303,10/1/2026,4,7/31/2026,AS,,,,,,,,,,,,,43,Yes,84.62%,4/1/2026,Opted In,CST,96.64%,6,
,BSDA,D502,1,000000195,High,Test Student,Welcome Email,8/19/2026,9/30/2026,2026-08-03T14:12:33.000Z,9/30/2026,,,,,,,tjonsek@gmail.com,Melly Mentor,Tawnya Lee,15.03,5,10,8/3/2026,,8/3/2026,,,8/3/2026,LEANDER,Registered,14,FALSE,,8/13/2026,,,,,2026-08-13T13:56:17.000Z,"Sent welcome email with links to resources, Connect Community, and support.",,,,,555-555-1428,,"Bachelor of Science, Data Analytics",202309,10/1/2026,4,9/30/2026,AS,,,,,,,,,,,,,43,Ahead,71.43%,4/1/2026,Opted In,CST,96.72%,6,
Anthony,BSDA,D502,1,000000196,High,Test Student,Welcome Email,10/31/2026,12/31/2026,2026-08-17T19:53:38.000Z,1/31/2027,,,,,,,tjonsek@gmail.com,Melly Mentor,Tawnya Lee,0.79,2,2,8/17/2026,,8/17/2026,,,8/17/2026,taylorsville,Registered,8,FALSE,,8/17/2026,,,,,2026-08-17T23:31:13.000Z,"Sent welcome email with links to resources, Connect Community, and support.",,,,,555-555-1429,,"Bachelor of Science, Data Analytics",202309,2/1/2027,6,10/31/2026,AS,,,,,,,,,,,,,166,Ahead,25.00%,8/1/2026,Opted In,MST,95.08%,23,
,BSDA,D502,1,000000197,High,Test Student,Welcome Email,8/1/2026,8/31/2026,2026-08-06T13:06:20.000Z,8/31/2026,,,,,,,tjonsek@gmail.com,Melly Mentor,Tawnya Lee,12.08,2,27,8/6/2026,,8/6/2026,,,8/6/2026,Stockton,Registered,35,FALSE,,8/12/2026,,,,,2026-08-12T19:13:54.000Z,"Sent welcome email with links to resources, Connect Community, and support.",,,,,555-555-1430,,"Bachelor of Science, Data Analytics",202309,9/1/2026,8,12/31/2027,AS,,,,,,,,,,,,,13,Yes,77.14%,3/1/2026,Opted In,PST,93.44%,1,
Tree,BSSWE,D424,1,000000198,High,Test Student,Welcome Email,8/16/2026,9/30/2026,2026-08-17T22:22:58.000Z,11/30/2026,2026-07-12 (1),,,,,,tjonsek@gmail.com,Melly Mentor,Tawnya Lee,0.69,15,6,8/17/2026,,6/22/2026,,,6/22/2026,Roma,Registered,10,FALSE,FALSE,8/11/2026,,,,,2026-08-05T13:57:21.000Z,Offered support and encouragement. Reminded ST of communities and resources for the course.,07/12/2026 (1),1,7/12/2026,Passed,555-555-1431,37,"Bachelor of Science, Software Engineering",202303,12/1/2026,4,11/30/2026,AS,,,,,,,,,,,,,104,Ahead,60.00%,6/1/2026,Not Opted In,CST,71.90%,14,
,BSSWE,D424,1,000000199,High,Test Student,Welcome Email,8/31/2026,10/30/2026,2026-08-16T13:36:03.000Z,10/31/2026,,,,,,,tjonsek@gmail.com,Melly Mentor,Tawnya Lee,2.06,6,15,8/16/2026,,8/13/2026,,,8/13/2026,San Jose,Registered,19,FALSE,,8/13/2026,,,,,2026-08-13T14:53:13.000Z,"Sent welcome email with links to resources, Connect Community, and support.",,,,,555-555-1432,,"Bachelor of Science, Software Engineering",202303,11/1/2026,4,9/30/2026,AS,,,,,,,,,,,,,74,Yes,78.95%,5/1/2026,Opted In,PST,96.64%,10,
,BSSWE,D424,1,000000200,Med Low,Test Student,Welcome Email,9/1/2026,9/30/2026,2026-08-16T18:46:33.000Z,11/30/2026,,,,,,,tjonsek@gmail.com,Melly Mentor,Tawnya Lee,1.84,8,6,8/16/2026,,7/16/2026,,,7/16/2026,Bellevue,Registered,13,FALSE,,7/24/2026,,,,,2026-08-17T14:21:08.000Z,Offered support and encouragement. Reminded ST of communities and resources for the course.,,,,,555-555-1433,,"Bachelor of Science, Software Engineering",202303,12/1/2026,7,6/30/2026,AS,,,,,,,,,,,,,104,Ahead,46.15%,6/1/2026,Opted In,CST,60.20%,14,
Brig,BSSWE,D424,1,000000201,Med Low,Test Student,Welcome Email,12/28/2026,12/31/2026,2026-07-27T22:17:10.000Z,12/31/2026,,,,,,,tjonsek@gmail.com,Melly Mentor,Tawnya Lee,21.69,5,0,7/27/2026,,7/7/2026,,,7/7/2026,Eagle Mountain,Registered,7,FALSE,,8/17/2026,,,,,2026-08-10T20:53:27.000Z,Offered support and encouragement. Reminded ST of communities and resources for the course.,,,,,555-555-1434,,"Bachelor of Science, Software Engineering",202303,1/1/2027,7,9/30/2026,AS,,,,,,,,,,,,,135,Behind,0.00%,7/1/2026,Not Opted In,CST,94.12%,19,
,BSSWE,D424,1,000000202,Med,Test Student,Welcome Email,7/2/2026,8/28/2026,2026-07-27T22:12:54.000Z,12/31/2026,2026-05-19 (1),2026-06-16 (1),,,,,tjonsek@gmail.com,Melly Mentor,Tawnya Lee,21.7,7,0,7/27/2026,,7/3/2026,,,7/3/2026,Winchester,Registered,4,FALSE,FALSE,8/10/2026,,,,,2026-08-17T15:20:42.000Z,Offered support and encouragement. Reminded ST of communities and resources for the course.,06/16/2026 (1),1,6/16/2026,Passed,555-555-1435,63,"Bachelor of Science, Software Engineering",202303,1/1/2027,4,6/30/2026,AS,,,,,,,,,,,,,135,Behind,0.00%,7/1/2026,Opted In,PST,83.94%,19,
Niko,BSSWE,D424,1,000000203,High,Test Student,Welcome Email,7/7/2026,8/28/2026,2026-08-17T22:21:58.000Z,9/30/2026,2026-07-17 (1),2026-08-01 (1),,,,,tjonsek@gmail.com,Melly Mentor,Tawnya Lee,0.69,3,23,8/17/2026,,7/7/2026,Amazon Career Choice Program,ACCP,7/7/2026,Hillsboro,Registered,27,FALSE,FALSE,8/5/2026,,,,,2026-08-07T22:03:33.000Z,Offered support and encouragement. Reminded ST of communities and resources for the course.,08/01/2026 (1),1,8/1/2026,Passed,555-555-1436,17,"Bachelor of Science, Software Engineering",202303,10/1/2026,4,7/31/2028,AS,,,,,,,,,,,,,43,Yes,85.19%,4/1/2026,Opted In,EST,96.64%,6,
,BSSWE,D424,1,000000204,Med High,Test Student,Welcome Email,7/14/2026,8/31/2026,2026-08-03T22:53:43.000Z,10/31/2026,2026-07-14 (1),,,,,,tjonsek@gmail.com,Melly Mentor,Tawnya Lee,14.67,6,10,8/3/2026,,7/14/2026,,,7/14/2026,Burton,Registered,17,FALSE,FALSE,8/4/2026,,,,,2026-08-18T13:02:30.000Z,"
 How is task 2 progressing? Do you have any questions for me? 
 In case you've misplaced the links I've previously sent, I thought I'd send what you need to complete Task 2. 
 If you need support, let me know. Im happy to do draft reviews of the written",07/14/2026 (1),1,7/14/2026,Passed,555-555-1437,35,"Bachelor of Science, Software Engineering",202303,11/1/2026,7,11/30/2025,AS,,,,,,,,,,,,,74,Ahead,58.82%,5/1/2026,Opted In,EST,89.60%,10,
,BSSWE,D424,1,000000205,High,Test Student,Welcome Email,7/28/2026,9/30/2026,2026-08-03T22:34:45.000Z,9/30/2026,,,,,,,tjonsek@gmail.com,Melly Mentor,Tawnya Lee,14.68,5,26,8/3/2026,,6/24/2026,,,6/24/2026,North Las Vegas,Registered,33,FALSE,,7/31/2026,,,,,2026-08-12T11:53:46.000Z,"
 How is task 2 progressing? Do you have any questions for me? 
 In case you've misplaced the links I've previously sent, I thought I'd send what you need to complete Task 2. 
 If you need support, let me know. Im happy to do draft reviews of the written",,,,,555-555-1438,,"Bachelor of Science, Software Engineering",202303,10/1/2026,7,6/30/2026,AS,,,,,,,,,,,,,43,Yes,78.79%,4/1/2026,Opted In,PST,85.43%,6,
,BSSWE_C,D424,1,000000206,Med,Test Student,Welcome Email,8/1/2026,9/30/2026,2026-08-13T17:13:20.000Z,12/31/2026,2026-06-10 (1),2026-06-19 (1),,,,,tjonsek@gmail.com,Melly Mentor,Tawnya Lee,4.91,12,0,8/13/2026,,8/13/2026,,,8/13/2026,BUDA,Registered,4,FALSE,FALSE,8/13/2026,,,,,2026-08-16T19:11:24.000Z,"Sent welcome email with links to resources, Connect Community, and support.",06/19/2026 (1),1,6/19/2026,Passed,555-555-1439,60,"Bachelor of Science, Software Engineering",202303,1/1/2027,4,1/31/2026,AS,,,,,,,,,,,,,135,Behind,0.00%,7/1/2026,Opted In,CST,76.68%,19,
,BSSWE_C,D424,1,000000207,Low,Test Student,Welcome Email,8/3/2026,9/30/2026,2026-08-17T19:51:22.000Z,1/31/2027,2026-07-20 (1),2026-07-24 (1),,,,,tjonsek@gmail.com,Melly Mentor,Tawnya Lee,0.8,21,0,8/17/2026,,8/17/2026,,,8/17/2026,BUFFALO,Registered,7,FALSE,FALSE,8/17/2026,,,,,2026-08-18T01:05:46.000Z,"Sent welcome email with links to resources, Connect Community, and support.",07/24/2026 (1),1,7/24/2026,Passed,555-555-1440,25,"Bachelor of Science, Software Engineering",202303,2/1/2027,7,12/31/2026,AS,,,,,,,,,,,,,166,Behind,0.00%,8/1/2026,Not Opted In,CST,55.27%,23,
Kevin,BSSWE,D424,1,000000208,High,Test Student,Welcome Email,8/3/2026,10/15/2026,2026-08-03T21:28:27.000Z,10/31/2026,,,,,,,tjonsek@gmail.com,Melly Mentor,Tawnya Lee,14.73,7,13,8/3/2026,,8/3/2026,,,8/3/2026,Greenville,Registered,21,FALSE,,8/13/2026,,,,,2026-08-05T23:02:07.000Z,"Sent welcome email with links to resources, Connect Community, and support.",,,,,555-555-1441,,"Bachelor of Science, Software Engineering",202303,11/1/2026,8,10/31/2026,AS,,,,,,,,,,,,,74,Yes,61.90%,5/1/2026,Not Opted In,EST,88.10%,10,
Rachel,BSSWE,D424,1,000000209,Med,Test Student,Welcome Email,8/3/2026,10/31/2026,2026-08-03T18:57:39.000Z,1/31/2027,,,,,,,tjonsek@gmail.com,Melly Mentor,Tawnya Lee,14.83,7,0,8/3/2026,,8/3/2026,,,8/3/2026,Guthrie,Registered,7,FALSE,,8/15/2026,,,,,2026-08-06T16:44:13.000Z,"Sent welcome email with links to resources, Connect Community, and support.",,,,,555-555-1442,,"Bachelor of Science, Software Engineering",202303,2/1/2027,7,8/31/2026,AS,,,,,,,,,,,,,166,Behind,0.00%,8/1/2026,Opted In,EST,83.58%,23,
,BSSWE_C,D424,1,000000210,High,Test Student,Welcome Email,8/5/2026,9/30/2026,2026-08-06T13:08:34.000Z,9/30/2026,,,,,,,tjonsek@gmail.com,Melly Mentor,Tawnya Lee,12.08,1,56,8/6/2026,,8/6/2026,,,8/6/2026,New Westminster,Registered,66,FALSE,,8/7/2026,,,,,2026-08-06T17:26:22.000Z,"Sent welcome email with links to resources, Connect Community, and support.",,,,,555-555-1443,,"Bachelor of Science, Software Engineering",202303,10/1/2026,10,9/30/2026,AS,,,,,,,,,,,,,43,Yes,84.85%,4/1/2026,Not Opted In,PST,91.80%,6,
Jake/Jacob,BSSWE,D424,1,000000211,High,Test Student,Welcome Email,8/13/2026,9/30/2026,2026-08-16T13:34:18.000Z,9/30/2026,,,,,,,tjonsek@gmail.com,Melly Mentor,Tawnya Lee,2.06,5,12,8/16/2026,,8/13/2026,,,8/13/2026,Owasso,Registered,23,FALSE,,8/13/2026,,,,,2026-08-12T01:12:39.000Z,"Sent welcome email with links to resources, Connect Community, and support.",,,,,555-555-1444,,"Bachelor of Science, Software Engineering",202303,10/1/2026,11,10/31/2026,AS,,,,,,,,,,,,,43,Yes,52.17%,4/1/2026,Opted In,CST,84.78%,6,
,BSSWE,D424,1,000000212,Med,Test Student,Welcome Email,8/14/2026,9/30/2026,2026-08-03T22:35:22.000Z,10/31/2026,,,,,,,tjonsek@gmail.com,Melly Mentor,Tawnya Lee,14.68,8,3,8/3/2026,,6/29/2026,,,6/29/2026,PLANO,Registered,10,FALSE,,8/15/2026,,,,,2026-08-03T17:18:40.000Z,"
 How is task 2 progressing? Do you have any questions for me? 
 In case you've misplaced the links I've previously sent, I thought I'd send what you need to complete Task 2. 
 If you need support, let me know. Im happy to do draft reviews of the written",,,,,555-555-1445,,"Bachelor of Science, Software Engineering",202303,11/1/2026,7,10/31/2026,AS,,,,,,,,,,,,,74,Behind,30.00%,5/1/2026,Opted In,CST,81.13%,10,
,BSSWE_C,D424,1,000000213,Med Low,Test Student,Welcome Email,5/4/2026,8/31/2026,2026-08-16T18:45:06.000Z,8/31/2026,,,,,,,tjonsek@gmail.com,Melly Mentor,Tawnya Lee,1.84,10,3,8/16/2026,,8/3/2026,,,8/3/2026,Jacksonville,Registered,10,FALSE,,8/15/2026,,,,,2026-08-18T01:12:00.000Z,Offered support and encouragement. Reminded ST of communities and resources for the course.,,,,,555-555-1446,,"Bachelor of Science, Software Engineering",202303,9/1/2026,7,8/31/2026,AS,,,,,,,,,,,,,13,Behind,30.00%,3/1/2026,Opted In,EST,75.71%,1,
Layba,BSSWE,D424,1,000000214,High,Test Student,Welcome Email,5/29/2026,8/28/2026,2026-08-03T22:50:02.000Z,8/31/2026,2026-08-13 (1),2026-08-18 (0),,,,,tjonsek@gmail.com,Melly Mentor,Tawnya Lee,14.67,6,17,8/3/2026,,5/29/2026,,,5/29/2026,Oklahoma City,Registered,25,FALSE,FALSE,8/18/2026,,,,,2026-08-03T15:14:05.000Z,"
 How is task 2 progressing? Do you have any questions for me? 
 In case you've misplaced the links I've previously sent, I thought I'd send what you need to complete Task 2. 
 If you need support, let me know. Im happy to do draft reviews of the written",08/18/2026 (0),0,8/18/2026,Task Submitted,555-555-1447,0,"Bachelor of Science, Software Engineering",202303,9/1/2026,8,8/31/2026,AS,,,,,,,,,,,,,13,Yes,68.00%,3/1/2026,Opted In,CST,85.38%,1,
,BSSWE,D424,1,000000215,High,Test Student,Welcome Email,6/27/2026,8/31/2026,2026-08-03T22:50:55.000Z,8/31/2026,2026-08-13 (1),,,,,,tjonsek@gmail.com,Melly Mentor,Tawnya Lee,14.67,7,16,8/3/2026,,6/27/2026,,,6/27/2026,Herriman,Registered,20,FALSE,FALSE,8/14/2026,,,,,2026-08-17T19:42:44.000Z,"
 How is task 2 progressing? Do you have any questions for me? 
 In case you've misplaced the links I've previously sent, I thought I'd send what you need to complete Task 2. 
 If you need support, let me know. Im happy to do draft reviews of the written",08/13/2026 (1),1,8/13/2026,Passed,555-555-1448,5,"Bachelor of Science, Software Engineering",202303,9/1/2026,4,9/30/2026,AS,,,,,,,,,,,,,13,Yes,80.00%,3/1/2026,Not Opted In,MST,88.72%,1,
,BSSWE_C,D424,1,000000216,Med Low,Test Student,Welcome Email,7/1/2026,9/30/2026,2026-08-17T19:51:06.000Z,12/31/2026,2026-04-24 (1),,,,,,tjonsek@gmail.com,Melly Mentor,Tawnya Lee,0.8,12,0,8/17/2026,,8/17/2026,,,8/17/2026,West Lafayette,Registered,11,FALSE,FALSE,8/16/2026,,,,,2026-08-13T19:38:33.000Z,"Sent welcome email with links to resources, Connect Community, and support.",04/24/2026 (1),1,4/24/2026,Passed,555-555-1449,116,"Bachelor of Science, Software Engineering",202303,1/1/2027,11,,AS,,,,,,,,,,,,,135,Behind,0.00%,7/1/2026,Not Opted In,EST,59.26%,19,
,BSSWE_C,D424,1,000000217,Med Low,Test Student,Welcome Email,7/1/2026,8/11/2026,2026-07-26T15:42:37.000Z,12/31/2026,2026-06-23 (1),2026-06-26 (1),,,,,tjonsek@gmail.com,Melly Mentor,Tawnya Lee,22.97,7,0,7/26/2026,,7/10/2026,,,7/10/2026,Rome,Registered,4,FALSE,FALSE,7/31/2026,,,,,2026-08-15T13:07:48.000Z,Offered support and encouragement. Reminded ST of communities and resources for the course.,06/26/2026 (1),1,6/26/2026,Passed,555-555-1450,53,"Bachelor of Science, Software Engineering",202303,1/1/2027,4,6/30/2026,AS,,,,,,,,,,,,,135,Behind,0.00%,7/1/2026,Opted In,EST,85.35%,19,
Kam,BSSWE,D424,1,000000218,Med,Test Student,Welcome Email,7/1/2026,9/30/2026,2026-08-03T22:53:17.000Z,12/31/2026,2026-07-24 (1),,,,,,tjonsek@gmail.com,Melly Mentor,Tawnya Lee,14.67,11,0,8/3/2026,,7/1/2026,,,7/1/2026,Winchester,Registered,4,FALSE,FALSE,8/17/2026,,,,,2026-08-16T00:56:01.000Z,"
 How is task 2 progressing? Do you have any questions for me? 
 In case you've misplaced the links I've previously sent, I thought I'd send what you need to complete Task 2. 
 If you need support, let me know. Im happy to do draft reviews of the written",07/24/2026 (1),1,7/24/2026,Passed,555-555-1451,25,"Bachelor of Science, Software Engineering",202303,1/1/2027,4,8/31/2026,AS,,,,,,,,,,,,,135,Behind,0.00%,7/1/2026,Opted In,EST,74.70%,19,
Angel,BSCNEAZR,D413,2,000000219,Med,Test Student,Welcome Email,9/21/2026,10/31/2026,2026-08-10T21:09:38.000Z,10/31/2026,,,,,5/27/2026,,tjonsek@gmail.com,Melly Mentor,Tawnya Lee,7.74,5,7,8/10/2026,,5/24/2026,,,5/24/2026,La Mesa,Registered,13,FALSE,,8/16/2026,,5/27/2026,Passed,,2026-08-18T02:33:28.000Z,"
 I thought I'd check in and see how the D413 studies are going. Please let me know your progress and if you need anything. 
 In case you missed it in the welcome email, here are additional resources to help you study: 
 Telecomm & Wireless Communications",,,,,555-555-1452,,"Bachelor of Science, Cloud and Network Engineering - Microsoft Azure",202510,10/31/2028,6,5/31/2027,AS,,,,,,,,,,,,,74,Behind,53.85%,5/1/2026,Opted In,PST,78.95%,10,
Jose,BSCNE,D413,2,000000220,Med High,Test Student,Welcome Email,12/22/2026,1/31/2027,2026-08-16T13:44:57.000Z,1/31/2027,,,,,,,tjonsek@gmail.com,Melly Mentor,Tawnya Lee,2.05,1,3,8/16/2026,,8/14/2026,,,8/14/2026,FORT WORTH,Registered,13,FALSE,,8/17/2026,,,,,2026-08-17T13:02:39.000Z,"Sent welcome email with links to resources, Connect Community, and support.",,,,,555-555-1453,,"Bachelor of Science, Cloud and Network Engineering",202608,8/1/2031,10,6/30/2028,AS,,,,,,,,,,,,,166,Ahead,23.08%,8/1/2026,Not Opted In,CST,82.76%,23,
,BSNES_C,D413,2,000000221,High,Test Student,Welcome Email,7/6/2026,8/31/2026,2026-08-10T21:06:55.000Z,8/31/2026,,,,,7/7/2026,,tjonsek@gmail.com,Melly Mentor,Tawnya Lee,7.74,2,14,8/10/2026,,7/7/2026,,,7/7/2026,Mililani,Registered,17,FALSE,,8/11/2026,,7/7/2026,Passed,,2026-08-03T23:04:15.000Z,"
 I thought I'd check in and see how the D413 studies are going. Please let me know your progress and if you need anything. 
 In case you missed it in the welcome email, here are additional resources to help you study: 
 Telecomm & Wireless Communications",,,,,555-555-1454,,"Bachelor of Science, Network Engineering and Security Cisco Track",202406,8/31/2027,3,8/31/2027,AS,,,,,,,,,,,,,13,Yes,82.35%,3/1/2026,Opted In,HST,96.70%,1,
,BSCNE,D413,2,000000222,Med Low,Test Student,Welcome Email,7/6/2026,8/28/2026,2026-08-10T21:07:18.000Z,9/30/2026,,,,,,,tjonsek@gmail.com,Melly Mentor,Tawnya Lee,7.74,2,7,8/10/2026,,7/6/2026,,,7/6/2026,Pickerington,Registered,13,FALSE,,8/11/2026,,,,,2026-08-14T18:39:06.000Z,"
 I thought I'd check in and see how the D413 studies are going. Please let me know your progress and if you need anything. 
 In case you missed it in the welcome email, here are additional resources to help you study: 
 Telecomm & Wireless Communications",,,,,555-555-1455,,"Bachelor of Science, Cloud and Network Engineering",202510,9/30/2028,6,9/30/2026,AS,,,,,,,,,,,,,43,Behind,53.85%,4/1/2026,Opted In,EST,90.16%,6,
,BSCNEAZR,D413,2,000000223,Med High,Test Student,Welcome Email,7/14/2026,8/25/2026,2026-08-10T21:07:41.000Z,9/30/2026,,,,,7/14/2026,,tjonsek@gmail.com,Melly Mentor,Tawnya Lee,7.74,1,9,8/10/2026,,7/17/2026,,,7/17/2026,Pleasant Hill,Registered,12,FALSE,,8/11/2026,,7/14/2026,Passed,,2026-08-03T22:56:46.000Z,"
 I thought I'd check in and see how the D413 studies are going. Please let me know your progress and if you need anything. 
 In case you missed it in the welcome email, here are additional resources to help you study: 
 Telecomm & Wireless Communications",,,,,555-555-1456,,"Bachelor of Science, Cloud and Network Engineering - Microsoft Azure",202510,9/30/2028,3,9/30/2028,AS,,,,,,,,,,,,,43,Behind,75.00%,4/1/2026,Opted In,CST,94.92%,6,
Zac,BSCNEAWS,D413,2,000000224,Med Low,Test Student,Welcome Email,7/14/2026,8/31/2026,2026-08-10T21:08:04.000Z,8/31/2026,,,,,,,tjonsek@gmail.com,Melly Mentor,Tawnya Lee,7.74,3,7,8/10/2026,,7/14/2026,,,7/14/2026,Burleson,Registered,19,FALSE,,8/17/2026,,,,,2026-08-17T21:27:00.000Z,"
 I thought I'd check in and see how the D413 studies are going. Please let me know your progress and if you need anything. 
 In case you missed it in the welcome email, here are additional resources to help you study: 
 Telecomm & Wireless Communications",,,,,555-555-1457,,"Bachelor of Science, Cloud and Network Engineering - Amazon Web Services",202510,8/31/2028,12,8/31/2027,AS,,,,,,,,,,,,,13,Behind,36.84%,3/1/2026,Opted In,CST,87.50%,1,
,BSCNE,D413,2,000000225,Low,Test Student,Welcome Email,7/16/2026,8/31/2026,2026-08-17T20:13:59.000Z,8/31/2026,,,,,,,tjonsek@gmail.com,Melly Mentor,Tawnya Lee,0.78,7,7,8/17/2026,,7/16/2026,,,7/16/2026,Champaign,Registered,14,FALSE,,8/14/2026,,,,,2026-08-14T22:37:58.000Z,"
 I thought I'd check in and see how the D413 studies are going. Please let me know your progress and if you need anything. 
 In case you missed it in the welcome email, here are additional resources to help you study: 
 Telecomm & Wireless Communications",,,,,555-555-1458,,"Bachelor of Science, Cloud and Network Engineering",202510,2/28/2029,7,12/31/2026,AS,,,,,,,,,,,,,13,Behind,50.00%,3/1/2026,Opted In,CST,51.26%,1,
,BSCNEAWS,D413,2,000000226,High,Test Student,Welcome Email,7/20/2026,8/31/2026,2026-08-11T14:27:21.000Z,8/31/2026,,,,,8/11/2026,,tjonsek@gmail.com,Melly Mentor,Tawnya Lee,7.02,1,18,8/11/2026,,7/21/2026,,,7/21/2026,Las Vegas,Registered,21,FALSE,,8/13/2026,,8/11/2026,Passed,,2026-08-05T20:12:57.000Z,"You have the ability to do so. You run the risk of simply memorizing the answers without understanding the material. The questions dont change. Also, they are slightly easier than the exam. I recommend not doing it back-to-back attempts but give yourself",,,,,555-555-1459,,"Bachelor of Science, Cloud and Network Engineering - Amazon Web Services",202510,2/28/2029,3,3/31/2027,AS,,,,,,,,,,,,,13,Yes,85.71%,3/1/2026,Opted In,EST,94.92%,1,
,BSCNECIS,D413,2,000000227,Med Low,Test Student,Welcome Email,7/20/2026,9/30/2026,2026-08-16T19:17:57.000Z,11/30/2026,,,,,,,tjonsek@gmail.com,Melly Mentor,Tawnya Lee,1.82,2,3,8/16/2026,,7/20/2026,,,7/20/2026,Sarasota,Registered,12,FALSE,,8/17/2026,,,,,2026-08-17T11:38:12.000Z,"Hi Jacob, I thought I'd check in and see how the D413 studies are going. Please let me know your progress and if you need anything.  In case you missed it in the welcome email, here are additional resources to help you study:  Telecomm & Wireless Commun",,,,,555-555-1460,,"Bachelor of Science, Cloud and Network Engineering - Cisco",202510,5/31/2029,9,12/31/2028,AS,,,,,,,,,,,,,104,Behind,25.00%,6/1/2026,Opted In,EST,83.02%,14,
,BSCNEAWS,D413,2,000000228,Med Low,Test Student,Welcome Email,8/1/2026,8/28/2026,2026-08-17T20:41:04.000Z,1/31/2027,,,,,8/17/2026,,tjonsek@gmail.com,Melly Mentor,Tawnya Lee,0.76,6,0,8/17/2026,,8/5/2026,,,8/5/2026,West Hills,Registered,13,FALSE,,8/17/2026,,8/17/2026,Passed,,2026-08-18T14:16:34.000Z,Every place I see cabling discussed in terms of length all mentions meters. I dont believe the test has it in feet. I know that multiplexing seems to be a section that trips up students the most. Im not sure why but I would make sure I have anything fro,,,,,555-555-1461,,"Bachelor of Science, Cloud and Network Engineering - Amazon Web Services",202510,1/31/2028,13,1/31/2027,AS,,,,,,,,,,,,,166,Behind,0.00%,8/1/2026,Opted In,PST,75.00%,23,
,BSCNECIS,D413,2,000000229,Med High,Test Student,Welcome Email,8/5/2026,9/30/2026,2026-08-05T21:21:02.000Z,1/31/2027,,,,,8/6/2026,,tjonsek@gmail.com,Melly Mentor,Tawnya Lee,12.73,2,3,8/5/2026,,8/5/2026,,,8/5/2026,Charlotte,Registered,13,FALSE,,8/14/2026,,8/6/2026,Passed,,2026-08-12T15:43:49.000Z,"Sent welcome email with links to resources, Connect Community, and support.",,,,,555-555-1462,,"Bachelor of Science, Cloud and Network Engineering - Cisco",202608,7/31/2029,10,1/31/2027,AS,,,,,,,,,,,,,166,Ahead,23.08%,8/1/2026,Opted In,EST,85.71%,23,
,BSCNE,D413,2,000000230,High,Test Student,Welcome Email,6/1/2026,11/30/2026,2026-08-16T13:43:31.000Z,11/30/2026,,,,,8/14/2026,,tjonsek@gmail.com,Melly Mentor,Tawnya Lee,2.05,2,14,8/16/2026,,8/14/2026,,,8/14/2026,Cuyahoga Falls,Registered,24,FALSE,,8/15/2026,,8/14/2026,Passed,,2026-08-17T16:09:55.000Z,"Sent welcome email with links to resources, Connect Community, and support.",,,,,555-555-1463,,"Bachelor of Science, Cloud and Network Engineering",202510,11/30/2027,10,12/31/2028,AS,,,,,,,,,,,,,104,Yes,58.33%,6/1/2026,Not Opted In,EST,83.61%,14,
,BSCNE,D413,2,000000231,Low,Test Student,Welcome Email,6/2/2026,8/21/2026,2026-08-10T21:04:57.000Z,11/30/2026,,,,,5/28/2026,,tjonsek@gmail.com,Melly Mentor,Tawnya Lee,7.74,5,0,8/10/2026,,6/2/2026,,,6/2/2026,Colorado Springs,Registered,13,FALSE,,7/29/2026,,5/28/2026,Passed,,2026-08-10T14:41:54.000Z,"
 I thought I'd check in and see how the D413 studies are going. Please let me know your progress and if you need anything. 
 In case you missed it in the welcome email, here are additional resources to help you study: 
 Telecomm & Wireless Communications",,,,,555-555-1464,,"Bachelor of Science, Cloud and Network Engineering",202510,11/30/2028,13,11/30/2027,AS,,,,,,,,,,,,,104,Behind,0.00%,6/1/2026,Opted In,MST,77.78%,14,
,BSCNE,D413,2,000000232,Low,Test Student,Welcome Email,6/4/2026,11/30/2026,2026-08-10T21:06:07.000Z,11/30/2026,,,,,,,tjonsek@gmail.com,Melly Mentor,Tawnya Lee,7.74,3,0,8/10/2026,,6/4/2026,,,6/4/2026,KILLEEN,Registered,17,FALSE,,8/13/2026,,,,,2026-08-05T16:35:01.000Z,"
 I thought I'd check in and see how the D413 studies are going. Please let me know your progress and if you need anything. 
 In case you missed it in the welcome email, here are additional resources to help you study: 
 Telecomm & Wireless Communications",,,,,555-555-1465,,"Bachelor of Science, Cloud and Network Engineering",202510,11/30/2029,17,8/31/2028,AS,,,,,,,,,,,,,104,Behind,0.00%,6/1/2026,Not Opted In,CST,64.58%,14,
,BSCNEAZR,D413,2,000000233,Med,Test Student,Welcome Email,6/7/2026,8/22/2026,2026-08-10T21:06:31.000Z,10/31/2026,,,,,7/28/2026,,tjonsek@gmail.com,Melly Mentor,Tawnya Lee,7.74,2,6,8/10/2026,,6/7/2026,,,6/7/2026,Layton,Registered,12,FALSE,,8/10/2026,,7/28/2026,Passed,,2026-08-07T20:27:22.000Z,"
 I thought I'd check in and see how the D413 studies are going. Please let me know your progress and if you need anything. 
 In case you missed it in the welcome email, here are additional resources to help you study: 
 Telecomm & Wireless Communications",,,,,555-555-1466,,"Bachelor of Science, Cloud and Network Engineering - Microsoft Azure",202510,4/30/2028,6,11/30/2027,AS,,,,,,,,,,,,,74,Behind,50.00%,5/1/2026,Opted In,MST,92.50%,10,
KD,BSSWE,D370,3,000000234,Med High,Test Student,Welcome Email,9/1/2026,9/21/2026,2026-08-16T13:39:22.000Z,1/31/2027,,,,,,,tjonsek@gmail.com,Melly Mentor,Tawnya Lee,2.05,1,3,8/16/2026,,8/14/2026,,,8/14/2026,Bartlesville,Registered,12,FALSE,,8/17/2026,,,,,2026-08-17T13:56:25.000Z,"Sent welcome email with links to resources, Connect Community, and support.",,,,,555-555-1467,,"Bachelor of Science, Software Engineering",202303,1/31/2031,9,1/31/2029,AS,,,,,,,,,,,,,166,Ahead,25.00%,8/1/2026,Not Opted In,CST,50.00%,23,
,BSCCAZR,D370,3,000000235,Low,Test Student,Welcome Email,9/1/2026,9/30/2026,2026-08-10T20:10:06.000Z,12/31/2026,,,,,,,tjonsek@gmail.com,Melly Mentor,Tawnya Lee,7.78,6,0,8/10/2026,,7/29/2026,,,7/29/2026,Celina,Registered,12,FALSE,,8/18/2026,,,,,2026-08-13T20:51:12.000Z,Offered support and encouragement. Reminded ST of communities and resources for the course.,,,,,555-555-1468,,"Bachelor of Science, Cloud Computing - Microsoft Azure track",202406,6/30/2028,12,12/31/2024,AS,,,,,,,,,,,,,135,Behind,0.00%,7/1/2026,Opted In,EST,74.81%,19,
Liam,MSSWEUG,D370,3,000000236,Med Low,Test Student,Welcome Email,9/10/2026,11/30/2026,2026-08-13T17:24:37.000Z,11/30/2026,,,,,,,tjonsek@gmail.com,Melly Mentor,Tawnya Lee,4.9,1,4,8/13/2026,,8/3/2026,WGU Flex - Course Capped,FLXP,8/3/2026,Staten Island,Registered,14,FALSE,FALSE,8/16/2026,,,,,2026-08-12T14:07:13.000Z,Offered support and encouragement. Reminded ST of communities and resources for the course.,,,,,555-555-1469,,"Bachelor of Science, Software Engineering (BSSWE to MSSWE)",202504,5/31/2029,10,12/31/2027,AS,,,,,,,,,,,,,104,Behind,28.57%,6/1/2026,Opted In,EST,84.38%,14,
Lewis,BSSWE,D370,3,000000237,Med High,Test Student,Welcome Email,11/13/2026,12/18/2026,2026-08-16T13:39:55.000Z,1/31/2027,,,,,,,tjonsek@gmail.com,Melly Mentor,Tawnya Lee,2.05,1,3,8/16/2026,,8/14/2026,,,8/14/2026,South Bend,Registered,13,FALSE,,8/18/2026,,,,,2026-08-17T21:05:05.000Z,"Sent welcome email with links to resources, Connect Community, and support.",,,,,555-555-1470,,"Bachelor of Science, Software Engineering",202303,1/31/2031,10,12/31/2028,AS,,,,,,,,,,,,,166,Ahead,23.08%,8/1/2026,Opted In,EST,61.54%,23,
,BSCS,D370,3,000000238,Low,Test Student,Welcome Email,7/30/2026,9/30/2026,2026-08-16T17:55:14.000Z,9/30/2026,,,,,,,tjonsek@gmail.com,Melly Mentor,Tawnya Lee,1.88,7,3,8/16/2026,,8/3/2026,,,8/3/2026,RENO,Registered,12,FALSE,,8/17/2026,,,,,2026-08-17T20:17:34.000Z,Offered support and encouragement. Reminded ST of communities and resources for the course.,,,,,555-555-1471,,"Bachelor of Science, Computer Science",202306,3/31/2027,9,4/30/2027,AS,,,,,,,,,,,,,43,Behind,25.00%,4/1/2026,Opted In,PST,65.12%,6,
,BSSWE,D370,3,000000239,Med High,Test Student,Welcome Email,8/1/2026,9/30/2026,2026-08-16T17:55:38.000Z,10/31/2026,,,,,,,tjonsek@gmail.com,Melly Mentor,Tawnya Lee,1.88,1,6,8/16/2026,,8/1/2026,,,8/1/2026,Denver,Registered,12,FALSE,,8/15/2026,,,,,2026-08-14T13:13:51.000Z,Offered support and encouragement. Reminded ST of communities and resources for the course.,,,,,555-555-1472,,"Bachelor of Science, Software Engineering",202303,10/31/2030,6,11/30/2028,AS,,,,,,,,,,,,,74,Behind,50.00%,5/1/2026,Opted In,MST,76.00%,10,
Derek,MSITMUG,C769,4,000000240,Low,Test Student,Welcome Email,8/16/2026,8/31/2026,2026-08-16T13:52:14.000Z,8/31/2026,,,,,,,tjonsek@gmail.com,Melly Mentor,Tawnya Lee,2.04,4,7,8/16/2026,,8/16/2026,,,8/16/2026,Jasper,Registered,17,FALSE,,8/15/2026,,,,,2026-08-12T17:08:15.000Z,"Sent welcome email with links to resources, Connect Community, and support.",,,,,555-555-1473,,"Bachelor of Science, Information Technology (BSIT to MSITM)",202207,9/1/2026,10,3/31/2027,AS,,,,,,,,,,,,,13,Behind,41.18%,3/1/2026,Opted In,CST,87.50%,1,
,BSIT,C769,4,000000241,High,Test Student,Welcome Email,8/31/2026,10/12/2026,2026-08-16T16:49:22.000Z,11/30/2026,,,,,,,tjonsek@gmail.com,Melly Mentor,Tawnya Lee,1.92,2,16,8/16/2026,,8/16/2026,,,8/16/2026,SPRING HILL,Registered,20,FALSE,,8/15/2026,,,,,2026-08-17T11:23:08.000Z,"Sent welcome email with links to resources, Connect Community, and support.",,,,,555-555-1474,,"Bachelor of Science, Information Technology",202207,12/1/2026,4,6/30/2026,AS,,,,,,,,,,,,,104,Yes,80.00%,6/1/2026,Opted In,EST,96.69%,14,
Derek,BSIT,C769,4,000000242,High,Test Student,Welcome Email,9/1/2026,9/30/2026,2026-08-16T13:52:38.000Z,9/30/2026,,,,,,,tjonsek@gmail.com,Melly Mentor,Tawnya Lee,2.04,4,24,8/16/2026,,8/14/2026,,,8/14/2026,East Stroudsburg,Registered,31,FALSE,,8/17/2026,,,,,2026-08-17T14:07:19.000Z,"Sent welcome email with links to resources, Connect Community, and support.",,,,,555-555-1475,,"Bachelor of Science, Information Technology",202207,10/1/2026,7,8/31/2026,AS,,,,,,,,,,,,,43,Yes,77.42%,4/1/2026,Opted In,EST,85.71%,6,
,BSIT,C769,4,000000243,Med High,Test Student,Welcome Email,9/1/2026,10/31/2026,2026-08-16T13:53:29.000Z,10/31/2026,,,,,,,tjonsek@gmail.com,Melly Mentor,Tawnya Lee,2.04,7,3,8/16/2026,,8/14/2026,,,8/14/2026,West Fargo,Registered,7,FALSE,,8/14/2026,,,,,2026-08-14T12:53:20.000Z,"Sent welcome email with links to resources, Connect Community, and support.",,,,,555-555-1476,,"Bachelor of Science, Information Technology",202207,11/1/2026,4,4/30/2025,AS,,,,,,,,,,,,,74,Behind,42.86%,5/1/2026,Opted In,CST,80.38%,10,
,MSITMUG,C769,4,000000244,Low,Test Student,Welcome Email,9/1/2026,9/30/2026,2026-08-10T20:56:19.000Z,11/30/2026,,,,,,,tjonsek@gmail.com,Melly Mentor,Tawnya Lee,7.75,5,0,8/10/2026,,7/8/2026,,,7/8/2026,Ogden,Registered,15,FALSE,,8/14/2026,,,,,2026-08-14T22:55:00.000Z,Offered support and encouragement. Reminded ST of communities and resources for the course.,,,,,555-555-1477,,"Bachelor of Science, Information Technology (BSIT to MSITM)",202207,12/1/2026,15,10/31/2024,AS,,,,,,,,,,,,,104,Behind,0.00%,6/1/2026,Opted In,MST,73.86%,14,
,MSITMUG,C769,4,000000245,Med Low,Test Student,Welcome Email,11/18/2026,12/23/2026,2026-08-16T13:53:53.000Z,1/31/2027,,,,,,,tjonsek@gmail.com,Melly Mentor,Tawnya Lee,2.04,7,0,8/16/2026,,8/15/2026,,,8/15/2026,clayton,Registered,14,FALSE,,8/17/2026,,,,,2026-08-17T22:53:33.000Z,"Sent welcome email with links to resources, Connect Community, and support.",,,,,555-555-1478,,"Bachelor of Science, Information Technology (BSIT to MSITM)",202207,2/1/2027,14,8/31/2025,AS,,,,,,,,,,,,,166,Behind,0.00%,8/1/2026,Not Opted In,EST,68.00%,23,
,BSIT,C769,4,000000246,High,Test Student,Welcome Email,7/24/2026,8/31/2026,2026-08-16T13:50:43.000Z,8/31/2026,,,,,,,tjonsek@gmail.com,Melly Mentor,Tawnya Lee,2.05,2,23,8/16/2026,,8/14/2026,,,8/14/2026,Sheridan,Registered,27,FALSE,,8/17/2026,,,,,2026-08-17T15:20:30.000Z,"Sent welcome email with links to resources, Connect Community, and support.",,,,,555-555-1479,,"Bachelor of Science, Information Technology",202207,9/1/2026,4,,AS,,,,,,,,,,,,,13,Yes,85.19%,3/1/2026,Opted In,CST,96.69%,1,
,BSCSIA,C769,4,000000247,High,Test Student,Welcome Email,8/1/2026,9/30/2026,2026-08-17T19:53:54.000Z,9/30/2026,,,,,,,tjonsek@gmail.com,Melly Mentor,Tawnya Lee,0.79,3,26,8/17/2026,,8/17/2026,,,8/17/2026,Cutler Bay,Registered,34,FALSE,,8/16/2026,,,,,2026-08-17T14:56:17.000Z,"Sent welcome email with links to resources, Connect Community, and support.",,,,,555-555-1480,,"Bachelor of Science, Cybersecurity and Information Assurance",202303,10/1/2026,8,9/30/2026,AS,,,,,,,,,,,,,43,Yes,76.47%,4/1/2026,Not Opted In,EST,93.44%,6,
,BSIT,C769,4,000000248,Low,Test Student,Welcome Email,8/1/2026,10/31/2026,2026-08-17T20:21:39.000Z,11/30/2026,,,,,,,tjonsek@gmail.com,Melly Mentor,Tawnya Lee,0.77,4,0,8/17/2026,,7/22/2026,,,7/22/2026,League City,Registered,10,FALSE,,8/9/2026,,,,,2026-08-14T15:00:10.000Z,Offered support and encouragement. Reminded ST of communities and resources for the course.,,,,,555-555-1481,,"Bachelor of Science, Information Technology",202207,12/1/2026,10,,AS,,,,,,,,,,,,,104,Behind,0.00%,6/1/2026,Opted In,CST,85.38%,14,
,MSITMUG,C769,4,000000249,High,Test Student,Welcome Email,8/14/2026,9/30/2026,2026-08-16T13:51:49.000Z,9/30/2026,,,,,,,tjonsek@gmail.com,Melly Mentor,Tawnya Lee,2.05,3,40,8/16/2026,,8/14/2026,,,8/14/2026,Desoto,Registered,52,FALSE,,8/14/2026,,,,,2026-08-14T19:14:20.000Z,"Sent welcome email with links to resources, Connect Community, and support.",,,,,555-555-1482,,"Bachelor of Science, Information Technology (BSIT to MSITM)",202207,10/1/2026,12,12/31/2026,AS,,,,,,,,,,,,,43,Yes,76.92%,4/1/2026,Opted In,CST,88.72%,6,
,BSCNEAWS,D413,2,000000250,Med,Test Student,pa: 0/oa: 0,5/1/2026,10/31/2026,2026-08-17T15:06:26.000Z,10/31/2026,,,,,,,tjonsek@gmail.com,Melly Mentor,Tawnya Lee,0.99,4,7,8/17/2026,,7/23/2026,,,7/23/2026,Okemos,Registered,13,FALSE,,8/17/2026,,,,,2026-08-07T15:49:03.000Z,"Hi Jamie, I thought I'd check in and see how the D413 studies are going. Please let me know your progress and if you need anything.  In case you missed it in the welcome email, here are additional resources to help you study:  Telecomm & Wireless Commun",,,,,555-555-1483,,"Bachelor of Science, Cloud and Network Engineering - Amazon Web Services",202510,4/30/2028,6,4/30/2028,AS,,,,,,,,,,,,,74,Behind,53.85%,5/1/2026,Opted In,EST,81.18%,10,
,BSDA,D370,3,000000251,Med High,Test Student,t2#,8/17/2026,8/31/2026,2026-08-18T14:52:51.000Z,11/30/2026,2026-08-17 (1),,,,,,tjonsek@gmail.com,Melly Mentor,Tawnya Lee,0,1,8,8/18/2026,,8/5/2026,,,8/5/2026,Granville,Registered,14,FALSE,TRUE,8/17/2026,,,,,2026-08-17T17:04:09.000Z,"Hello Benjamin, Congrats on passing Task 1! To help with Task 2, I thought Id send additional explanations of each section in the task. This one is pretty easy but students overcomplicate it when approaching it because certain things are not completely c",08/17/2026 (1),1,8/17/2026,Passed,555-555-1484,1,"Bachelor of Science, Data Analytics",202309,11/30/2029,6,12/31/2026,AS,,,,,,,,,,,,,104,Ahead,57.14%,6/1/2026,Not Opted In,EST,86.96%,14,
Michael,BSCNEAZR,D413,2,000000252,Low,Test Student,we#,8/21/2026,9/25/2026,2026-08-07T00:12:13.000Z,11/30/2026,,,,,8/8/2026,,tjonsek@gmail.com,Melly Mentor,Tawnya Lee,11.61,3,3,8/6/2026,,8/6/2026,,,8/6/2026,San Antonio,Registered,19,FALSE,,8/8/2026,,8/8/2026,Passed,,2026-08-18T13:38:20.000Z,"Sent welcome email with course info, resources, and offer of help",,,,,555-555-1485,,"Bachelor of Science, Cloud and Network Engineering - Microsoft Azure",202510,5/31/2028,16,6/30/2028,AS,,,,,,,,,,,,,104,Behind,15.79%,6/1/2026,Opted In,PST,78.95%,14,
Tanner,BSSWE,D370,3,000000253,Low,Test Student,we#,7/15/2026,8/15/2026,2026-08-17T20:12:52.000Z,11/30/2026,,,,,,,tjonsek@gmail.com,Melly Mentor,Tawnya Lee,0.78,4,0,8/17/2026,,8/6/2026,,,8/6/2026,Macon,Registered,12,FALSE,,8/6/2026,,,,,2026-08-06T22:10:20.000Z,Offered support and encouragement. Reminded ST of communities and resources for the course.,,,,,555-555-1486,,"Bachelor of Science, Software Engineering",202303,11/30/2030,12,8/31/2027,AS,,,,,,,,,,,,,104,Behind,0.00%,6/1/2026,Opted In,EST,27.08%,14,
